sample_name,result,confindr.contam_status.metric_value,confindr.contam_status.check_result,confindr.percentage_contamination.metric_value,confindr.percentage_contamination.check_result,quast.# contigs (>= 1000 bp).metric_value,quast.# contigs (>= 1000 bp).check_result,quast.N50.metric_value,quast.N50.check_result,quast.Total length (>= 1000 bp).metric_value,quast.Total length (>= 1000 bp).check_result
G18000072,FAILURE,TRUE,FAILURE,29.87,FAILURE,309,FAILURE,119306,PASS,12143060,WARNING
G18000894,FAILURE,TRUE,FAILURE,14.15,FAILURE,737,FAILURE,118583,PASS,12096422,WARNING
G18001238,PASS,FALSE,PASS,0,PASS,81,PASS,238107,PASS,6992649,PASS
G18001244,PASS,FALSE,PASS,0,PASS,100,PASS,271864,PASS,7262085,PASS
G18001246,PASS,FALSE,PASS,0,PASS,82,PASS,299115,PASS,7015263,PASS
G18001255,PASS,FALSE,PASS,0,PASS,23,PASS,699713,PASS,6408294,PASS
G18001256,PASS,FALSE,PASS,0,PASS,61,PASS,293593,PASS,7083728,PASS
G18001257,PASS,FALSE,PASS,0,PASS,56,PASS,395978,PASS,6734126,PASS
G18001259,PASS,FALSE,PASS,0,PASS,64,PASS,267306,PASS,7096055,PASS
G18001263,PASS,FALSE,PASS,0,PASS,66,PASS,272690,PASS,6800632,PASS
G18001264,PASS,FALSE,PASS,0,PASS,61,PASS,238767,PASS,7252767,PASS
G18001265,PASS,FALSE,PASS,0,PASS,65,PASS,262255,PASS,7131846,PASS
G18001266,PASS,FALSE,PASS,0,PASS,24,PASS,698320,PASS,6426260,PASS
G18001274,PASS,FALSE,PASS,0,PASS,68,PASS,231618,PASS,7229275,PASS
G18001276,PASS,FALSE,PASS,0,PASS,26,PASS,578858,PASS,6405714,PASS
G18001278,PASS,FALSE,PASS,0,PASS,31,PASS,508406,PASS,6425726,PASS
G18001281,PASS,FALSE,PASS,0,PASS,45,PASS,267005,PASS,6324948,PASS
G18001282,PASS,FALSE,PASS,0,PASS,73,PASS,260148,PASS,7093464,PASS
G18001285,PASS,FALSE,PASS,0,PASS,60,PASS,306940,PASS,7127403,PASS
G18001290,PASS,FALSE,PASS,0,PASS,70,PASS,290314,PASS,6839022,PASS
G18001291,PASS,FALSE,PASS,0,PASS,30,PASS,583131,PASS,6508738,PASS
G18001302,PASS,FALSE,PASS,0,PASS,53,PASS,308470,PASS,7123405,PASS
G18001304,PASS,FALSE,PASS,0,PASS,50,PASS,596585,PASS,6767196,PASS
G18001306,PASS,FALSE,PASS,0,PASS,69,PASS,249273,PASS,7476857,PASS
G18001308,PASS,FALSE,PASS,0,PASS,64,PASS,264918,PASS,6894847,PASS
G18001309,PASS,FALSE,PASS,0,PASS,27,PASS,605451,PASS,6343168,PASS
G18001311,PASS,FALSE,PASS,0,PASS,51,PASS,348967,PASS,6963903,PASS
G18001313,PASS,FALSE,PASS,0,PASS,58,PASS,306940,PASS,7119662,PASS
G18001314,PASS,FALSE,PASS,0,PASS,82,PASS,299673,PASS,7100579,PASS
G18001316,PASS,FALSE,PASS,0,PASS,37,PASS,413924,PASS,6744877,PASS
G18001319,FAILURE,TRUE,FAILURE,25.36,FAILURE,352,FAILURE,76652,PASS,7690360,PASS
G18001321,PASS,FALSE,PASS,0,PASS,56,PASS,291096,PASS,7258215,PASS
G18001326,PASS,FALSE,PASS,0,PASS,42,PASS,380854,PASS,6749670,PASS
G18001329,PASS,FALSE,PASS,0,PASS,35,PASS,374698,PASS,6581957,PASS
G18001331,PASS,FALSE,PASS,0,PASS,21,PASS,771432,PASS,6295919,PASS
G18001333,PASS,FALSE,PASS,0,PASS,66,PASS,240999,PASS,7118045,PASS
G18001335,PASS,FALSE,PASS,0,PASS,48,PASS,323541,PASS,7095746,PASS
G18001339,PASS,FALSE,PASS,0,PASS,69,PASS,408413,PASS,7146521,PASS
G18001340,PASS,FALSE,PASS,0,PASS,87,PASS,226648,PASS,6899237,PASS
G18001350,PASS,FALSE,PASS,0,PASS,30,PASS,426213,PASS,6366418,PASS
G18001356,PASS,FALSE,PASS,0,PASS,61,PASS,313416,PASS,6758367,PASS
G18001357,PASS,FALSE,PASS,0,PASS,91,PASS,227842,PASS,6846053,PASS
G18001362,PASS,FALSE,PASS,0,PASS,43,PASS,434042,PASS,6740318,PASS
G18001365,PASS,FALSE,PASS,0,PASS,43,PASS,401699,PASS,6296949,PASS
G18001368,WARNING,FALSE,PASS,0,PASS,58,PASS,272147,PASS,7006573,PASS
G18001372,PASS,FALSE,PASS,0,PASS,22,PASS,486786,PASS,6348275,PASS
G18001373,PASS,FALSE,PASS,0,PASS,48,PASS,433938,PASS,6784059,PASS
G18001374,PASS,FALSE,PASS,0,PASS,61,PASS,231622,PASS,6999996,PASS
G18001375,PASS,FALSE,PASS,0,PASS,40,PASS,386015,PASS,6494334,PASS
G18001376,PASS,FALSE,PASS,0,PASS,65,PASS,292299,PASS,6810275,PASS
G18001377,PASS,FALSE,PASS,0,PASS,15,PASS,781655,PASS,6404140,PASS
G18001378,PASS,FALSE,PASS,0,PASS,61,PASS,265902,PASS,7075706,PASS
G18001379,PASS,FALSE,PASS,0,PASS,28,PASS,705809,PASS,6373702,PASS
G18001381,PASS,FALSE,PASS,0,PASS,37,PASS,419643,PASS,6298548,PASS
G18001382,PASS,FALSE,PASS,0,PASS,73,PASS,269264,PASS,6807131,PASS
G18001384,PASS,FALSE,PASS,0,PASS,59,PASS,236712,PASS,7116092,PASS
G18001385,PASS,FALSE,PASS,0,PASS,44,PASS,650868,PASS,6782898,PASS
G18001386,PASS,FALSE,PASS,0,PASS,64,PASS,265902,PASS,7130016,PASS
G18001387,PASS,FALSE,PASS,0,PASS,40,PASS,434035,PASS,6743879,PASS
G18001388,PASS,FALSE,PASS,0,PASS,46,PASS,596823,PASS,6765083,PASS
G18001389,PASS,FALSE,PASS,0,PASS,54,PASS,290684,PASS,6728338,PASS
G18001391,PASS,FALSE,PASS,0,PASS,19,PASS,902400,PASS,6852526,PASS
G18001392,PASS,FALSE,PASS,0,PASS,44,PASS,386868,PASS,6864161,PASS
G18001393,PASS,FALSE,PASS,0,PASS,56,PASS,305138,PASS,6734125,PASS
G18001394,PASS,FALSE,PASS,0,PASS,33,PASS,517413,PASS,6360271,PASS
G18001395,PASS,FALSE,PASS,0,PASS,56,PASS,294051,PASS,7016964,PASS
G18001396,PASS,FALSE,PASS,0,PASS,60,PASS,307965,PASS,7113328,PASS
G18001398,PASS,FALSE,PASS,0,PASS,80,PASS,228005,PASS,6955132,PASS
G18001404,PASS,FALSE,PASS,0,PASS,60,PASS,236071,PASS,7215524,PASS
G18001405,PASS,FALSE,PASS,0,PASS,32,PASS,648963,PASS,6348533,PASS
G18001409,FAILURE,TRUE,FAILURE,0,PASS,627,FAILURE,205267,PASS,8025774,PASS
G18001410,PASS,FALSE,PASS,0,PASS,87,PASS,255165,PASS,7469647,PASS
G18001413,PASS,FALSE,PASS,0,PASS,39,PASS,426302,PASS,6482273,PASS
G18001414,PASS,FALSE,PASS,0,PASS,36,PASS,804675,PASS,6773991,PASS
G18001415,PASS,FALSE,PASS,0,PASS,83,PASS,242256,PASS,7403237,PASS
G18001416,PASS,FALSE,PASS,0,PASS,22,PASS,779529,PASS,6350295,PASS
G18001419,PASS,FALSE,PASS,0,PASS,23,PASS,580830,PASS,6804939,PASS
G18001422,PASS,FALSE,PASS,0,PASS,82,PASS,267295,PASS,7045334,PASS
G18001424,PASS,FALSE,PASS,0,PASS,42,PASS,265309,PASS,6788518,PASS
G18001427,PASS,FALSE,PASS,0,PASS,29,PASS,484727,PASS,6417854,PASS
G18001431,PASS,FALSE,PASS,0,PASS,32,PASS,468327,PASS,6579968,PASS
G18001432,PASS,FALSE,PASS,0,PASS,27,PASS,426045,PASS,6395154,PASS
G18001433,PASS,FALSE,PASS,0,PASS,86,PASS,282289,PASS,7003276,PASS
G18001434,PASS,FALSE,PASS,0,PASS,93,PASS,205703,PASS,7582818,PASS
G18001438,PASS,FALSE,PASS,0,PASS,32,PASS,440992,PASS,6503349,PASS
G18001439,PASS,FALSE,PASS,0,PASS,51,PASS,290480,PASS,6731024,PASS
G18001442,PASS,FALSE,PASS,0,PASS,25,PASS,773975,PASS,6383060,PASS
G18001444,PASS,FALSE,PASS,0,PASS,34,PASS,394041,PASS,6424562,PASS
G18001446,PASS,FALSE,PASS,0,PASS,33,PASS,426045,PASS,6392090,PASS
G18001448,PASS,FALSE,PASS,0,PASS,33,PASS,752006,PASS,6318766,PASS
G18001451,PASS,FALSE,PASS,0,PASS,46,PASS,418481,PASS,6761148,PASS
G18001453,PASS,FALSE,PASS,0,PASS,45,PASS,375413,PASS,7091200,PASS
G18001455,PASS,FALSE,PASS,0,PASS,72,PASS,235395,PASS,6683588,PASS
G18001459,PASS,FALSE,PASS,0,PASS,64,PASS,234327,PASS,7158190,PASS
G18001461,PASS,FALSE,PASS,0,PASS,67,PASS,264681,PASS,7025013,PASS
G18001462,PASS,FALSE,PASS,0,PASS,62,PASS,290398,PASS,7103468,PASS
G18001465,PASS,FALSE,PASS,0,PASS,31,PASS,372075,PASS,6472166,PASS
G18001468,PASS,FALSE,PASS,0,PASS,37,PASS,425925,PASS,6324411,PASS
G18001469,PASS,FALSE,PASS,0,PASS,64,PASS,236243,PASS,6962919,PASS
G18001470,PASS,FALSE,PASS,0,PASS,52,PASS,339340,PASS,7334080,PASS
G18001474,PASS,FALSE,PASS,0,PASS,37,PASS,358548,PASS,6690908,PASS
G18001479,PASS,FALSE,PASS,0,PASS,51,PASS,261117,PASS,6834348,PASS
G18001484,PASS,FALSE,PASS,0,PASS,36,PASS,487576,PASS,6621267,PASS
G18001486,PASS,FALSE,PASS,0,PASS,100,PASS,210740,PASS,7537124,PASS
G18001493,PASS,FALSE,PASS,0,PASS,63,PASS,215047,PASS,6917736,PASS
G18001494,PASS,FALSE,PASS,0,PASS,36,PASS,466090,PASS,6387706,PASS
G18001498,PASS,FALSE,PASS,0,PASS,57,PASS,260148,PASS,7074122,PASS
G18001516,PASS,FALSE,PASS,0,PASS,23,PASS,486678,PASS,6340058,PASS
G18001519,PASS,FALSE,PASS,0,PASS,68,PASS,290562,PASS,7153072,PASS
G18001521,PASS,FALSE,PASS,0,PASS,67,PASS,229831,PASS,6947346,PASS
G18001522,PASS,FALSE,PASS,0,PASS,74,PASS,286279,PASS,7143521,PASS
G18001523,PASS,FALSE,PASS,0,PASS,62,PASS,308019,PASS,7155190,PASS
G18001524,PASS,FALSE,PASS,0,PASS,23,PASS,678001,PASS,6553740,PASS
G18001525,PASS,FALSE,PASS,0,PASS,67,PASS,291074,PASS,7115713,PASS
G18001526,PASS,FALSE,PASS,0,PASS,57,PASS,286656,PASS,7066086,PASS
G18001527,WARNING,TRUE,FAILURE,0,PASS,74,PASS,289476,PASS,7148531,PASS
G18001530,PASS,FALSE,PASS,0,PASS,31,PASS,418501,PASS,6286643,PASS
G18001536,PASS,FALSE,PASS,0,PASS,90,PASS,320007,PASS,7130800,PASS
G18001541,WARNING,TRUE,FAILURE,0,PASS,45,PASS,768827,PASS,6827205,PASS
G18001543,PASS,FALSE,PASS,0,PASS,25,PASS,479085,PASS,6412824,PASS
G18001546,PASS,FALSE,PASS,0,PASS,66,PASS,235596,PASS,6885736,PASS
G18001547,PASS,FALSE,PASS,0,PASS,20,PASS,723370,PASS,6322640,PASS
G18001555,FAILURE,TRUE,FAILURE,18.6,FAILURE,312,FAILURE,156689,PASS,7835864,PASS
G18001556,PASS,FALSE,PASS,0,PASS,41,PASS,589672,PASS,6791243,PASS
G18001570,FAILURE,TRUE,FAILURE,13.13,FAILURE,712,FAILURE,166348,PASS,7793566,PASS
G18001606,PASS,FALSE,PASS,0,PASS,43,PASS,656400,PASS,6561755,PASS
G18001611,PASS,FALSE,PASS,0,PASS,55,PASS,291730,PASS,7116183,PASS
G18001617,FAILURE,TRUE,FAILURE,5.21,FAILURE,611,FAILURE,213120,PASS,8194395,PASS
G18001635,WARNING,TRUE,FAILURE,0,PASS,59,PASS,486815,PASS,7365945,PASS
G18001637,PASS,FALSE,PASS,0,PASS,24,PASS,793541,PASS,6600735,PASS
G18001644,PASS,FALSE,PASS,0,PASS,38,PASS,336734,PASS,6526854,PASS
G18001647,PASS,FALSE,PASS,0,PASS,66,PASS,307846,PASS,7172748,PASS
G18001648,PASS,FALSE,PASS,0,PASS,54,PASS,308019,PASS,7165921,PASS
G18001649,PASS,FALSE,PASS,0,PASS,79,PASS,226645,PASS,6860853,PASS
G18001651,PASS,FALSE,PASS,0,PASS,80,PASS,203566,PASS,6826652,PASS
G18001652,PASS,FALSE,PASS,0,PASS,48,PASS,290895,PASS,7093646,PASS
G18001653,PASS,FALSE,PASS,0,PASS,79,PASS,227857,PASS,6850620,PASS
G18001654,PASS,FALSE,PASS,0,PASS,64,PASS,257136,PASS,6927797,PASS
G18001655,PASS,FALSE,PASS,0,PASS,74,PASS,268422,PASS,7205629,PASS
G18001656,PASS,FALSE,PASS,0,PASS,58,PASS,294051,PASS,6984264,PASS
G18001657,PASS,FALSE,PASS,0,PASS,55,PASS,361645,PASS,6954179,PASS
G18001658,PASS,FALSE,PASS,0,PASS,60,PASS,295050,PASS,7148887,PASS
G18001659,PASS,FALSE,PASS,0,PASS,60,PASS,307847,PASS,7103006,PASS
G18001660,PASS,FALSE,PASS,0,PASS,21,PASS,804992,PASS,6910348,PASS
G18001663,PASS,FALSE,PASS,0,PASS,50,PASS,285974,PASS,7091256,PASS
G18001664,FAILURE,TRUE,FAILURE,31.69,FAILURE,1171,FAILURE,85247,PASS,11502147,WARNING
G18001665,PASS,FALSE,PASS,0,PASS,61,PASS,303276,PASS,7097251,PASS
G18001666,PASS,FALSE,PASS,0,PASS,74,PASS,226642,PASS,6849888,PASS
G18001668,PASS,FALSE,PASS,0,PASS,73,PASS,297017,PASS,6906225,PASS
G18001669,PASS,FALSE,PASS,0,PASS,61,PASS,231636,PASS,7078490,PASS
G18001670,PASS,FALSE,PASS,0,PASS,90,PASS,268696,PASS,7189117,PASS
G18001673,PASS,FALSE,PASS,0,PASS,66,PASS,522495,PASS,6965170,PASS
G18001675,PASS,FALSE,PASS,0,PASS,69,PASS,292299,PASS,6911887,PASS
G18001679,PASS,FALSE,PASS,0,PASS,73,PASS,228737,PASS,7043076,PASS
G18001681,PASS,FALSE,PASS,0,PASS,64,PASS,269017,PASS,6802211,PASS
G18001682,PASS,FALSE,PASS,0,PASS,77,PASS,329317,PASS,6962219,PASS
G18001683,PASS,FALSE,PASS,0,PASS,140,PASS,235396,PASS,6855383,PASS
G18001685,PASS,FALSE,PASS,0,PASS,118,PASS,284462,PASS,6934995,PASS
G18001686,PASS,FALSE,PASS,0,PASS,60,PASS,301186,PASS,7008819,PASS
G18001688,PASS,FALSE,PASS,0,PASS,75,PASS,261305,PASS,6847659,PASS
G18001692,PASS,FALSE,PASS,0,PASS,39,PASS,375414,PASS,7136864,PASS
G18001702,PASS,FALSE,PASS,0,PASS,73,PASS,311008,PASS,6928958,PASS
G18001705,PASS,FALSE,PASS,0,PASS,61,PASS,307965,PASS,7182199,PASS
G18001706,PASS,FALSE,PASS,0,PASS,57,PASS,236053,PASS,7125803,PASS
G18001708,PASS,FALSE,PASS,0,PASS,24,PASS,532500,PASS,6402360,PASS
G18001711,PASS,FALSE,PASS,0,PASS,55,PASS,269273,PASS,7162371,PASS
G18001716,FAILURE,TRUE,FAILURE,12.01,FAILURE,1602,FAILURE,56813,PASS,12254752,WARNING
G18001724,PASS,FALSE,PASS,0,PASS,67,PASS,300802,PASS,6743260,PASS
G18001726,PASS,FALSE,PASS,0,PASS,68,PASS,252834,PASS,7186556,PASS
G18001733,PASS,FALSE,PASS,0,PASS,64,PASS,264848,PASS,7147375,PASS
G18001734,PASS,FALSE,PASS,0,PASS,37,PASS,417630,PASS,6393788,PASS
G18001735,PASS,FALSE,PASS,0,PASS,68,PASS,289936,PASS,6745633,PASS
G18001737,PASS,FALSE,PASS,0,PASS,96,PASS,165725,PASS,6980360,PASS
G18001738,PASS,FALSE,PASS,0,PASS,67,PASS,250582,PASS,6729847,PASS
G18001739,PASS,FALSE,PASS,0,PASS,35,PASS,421629,PASS,6450044,PASS
G18001740,PASS,FALSE,PASS,0,PASS,60,PASS,224389,PASS,7283566,PASS
G18001743,PASS,FALSE,PASS,0,PASS,73,PASS,280059,PASS,7345418,PASS
G18001745,PASS,FALSE,PASS,0,PASS,66,PASS,231397,PASS,7283733,PASS
G18001749,PASS,FALSE,PASS,0,PASS,64,PASS,253826,PASS,6916862,PASS
G18001750,PASS,FALSE,PASS,0,PASS,19,PASS,842294,PASS,6274584,PASS
G18001757,PASS,FALSE,PASS,0,PASS,50,PASS,489752,PASS,7165040,PASS
G18001760,PASS,FALSE,PASS,0,PASS,47,PASS,292105,PASS,7126467,PASS
G18001761,PASS,FALSE,PASS,0,PASS,73,PASS,184738,PASS,6935884,PASS
G18001762,PASS,FALSE,PASS,0,PASS,31,PASS,410125,PASS,6338530,PASS
G18001764,PASS,FALSE,PASS,0,PASS,71,PASS,317899,PASS,6813928,PASS
G18001767,PASS,FALSE,PASS,0,PASS,74,PASS,299981,PASS,6802081,PASS
G18001771,PASS,FALSE,PASS,0,PASS,90,PASS,173770,PASS,7137094,PASS
G18001772,PASS,FALSE,PASS,0,PASS,62,PASS,231331,PASS,6996160,PASS
G18001774,PASS,FALSE,PASS,0,PASS,78,PASS,260055,PASS,7008383,PASS
G18001775,PASS,FALSE,PASS,0,PASS,55,PASS,269435,PASS,7210820,PASS
G18001779,PASS,FALSE,PASS,0,PASS,23,PASS,682922,PASS,6502087,PASS
G18001786,PASS,FALSE,PASS,0,PASS,58,PASS,293930,PASS,6853147,PASS
G18001787,PASS,FALSE,PASS,0,PASS,88,PASS,226673,PASS,6990917,PASS
G18001788,PASS,FALSE,PASS,0,PASS,48,PASS,324372,PASS,6377606,PASS
G18001794,PASS,FALSE,PASS,0,PASS,109,PASS,205267,PASS,7473219,PASS
G18001797,PASS,FALSE,PASS,0,PASS,104,PASS,193552,PASS,7510558,PASS
G18001798,PASS,FALSE,PASS,0,PASS,73,PASS,167944,PASS,7091782,PASS
G18001799,PASS,FALSE,PASS,0,PASS,64,PASS,384644,PASS,6915409,PASS
G18001802,PASS,FALSE,PASS,0,PASS,50,PASS,419344,PASS,6763106,PASS
G18001805,PASS,FALSE,PASS,0,PASS,65,PASS,345229,PASS,6777295,PASS
G18001806,PASS,FALSE,PASS,0,PASS,43,PASS,482906,PASS,6432172,PASS
G18001807,PASS,FALSE,PASS,0,PASS,28,PASS,486797,PASS,6341414,PASS
G18001812,PASS,FALSE,PASS,0,PASS,74,PASS,224783,PASS,6739223,PASS
G18001815,PASS,FALSE,PASS,0,PASS,32,PASS,513903,PASS,6404674,PASS
G18001816,PASS,FALSE,PASS,0,PASS,31,PASS,466764,PASS,6407599,PASS
G18001821,FAILURE,TRUE,FAILURE,21.75,FAILURE,171,WARNING,293891,PASS,7123261,PASS
G18001827,PASS,FALSE,PASS,0,PASS,25,PASS,679066,PASS,6375766,PASS
G18001834,PASS,FALSE,PASS,0,PASS,61,PASS,208322,PASS,6994252,PASS
G18001835,PASS,FALSE,PASS,0,PASS,28,PASS,389043,PASS,6342995,PASS
G18001838,PASS,FALSE,PASS,0,PASS,65,PASS,235419,PASS,6899202,PASS
G18001840,PASS,FALSE,PASS,0,PASS,42,PASS,386338,PASS,6594090,PASS
G18001842,PASS,FALSE,PASS,0,PASS,25,PASS,605752,PASS,6323640,PASS
G18001843,PASS,FALSE,PASS,0,PASS,37,PASS,346763,PASS,6500676,PASS
G18001844,PASS,FALSE,PASS,0,PASS,61,PASS,231622,PASS,7040437,PASS
G18001845,PASS,FALSE,PASS,0,PASS,54,PASS,308678,PASS,6853008,PASS
G18001846,PASS,FALSE,PASS,0,PASS,30,PASS,501321,PASS,6409943,PASS
G18001848,PASS,FALSE,PASS,0,PASS,28,PASS,656429,PASS,6278450,PASS
G18001850,PASS,FALSE,PASS,0,PASS,51,PASS,425929,PASS,6836406,PASS
G18001852,PASS,FALSE,PASS,0,PASS,87,PASS,237130,PASS,6999991,PASS
G18001855,PASS,FALSE,PASS,0,PASS,54,PASS,390055,PASS,6936184,PASS
G18001858,FAILURE,TRUE,FAILURE,10.86,FAILURE,145,PASS,467062,PASS,6839335,PASS
G18001861,PASS,FALSE,PASS,0,PASS,73,PASS,308019,PASS,7217123,PASS
G18001862,PASS,FALSE,PASS,0,PASS,63,PASS,290368,PASS,6971551,PASS
G18001863,PASS,FALSE,PASS,0,PASS,47,PASS,425400,PASS,6650266,PASS
G18001864,PASS,FALSE,PASS,0,PASS,56,PASS,341927,PASS,6754894,PASS
G18001865,PASS,FALSE,PASS,0,PASS,98,PASS,295737,PASS,7161060,PASS
G18001867,PASS,FALSE,PASS,0,PASS,103,PASS,200067,PASS,7171982,PASS
G18001868,FAILURE,TRUE,FAILURE,15.89,FAILURE,180,WARNING,204381,PASS,7139506,PASS
G18001869,FAILURE,TRUE,FAILURE,22.4,FAILURE,213,WARNING,126113,PASS,7820446,PASS
G18001870,PASS,FALSE,PASS,0,PASS,68,PASS,239277,PASS,7279025,PASS
G18001871,PASS,FALSE,PASS,0,PASS,69,PASS,269068,PASS,6811915,PASS
G18001873,PASS,FALSE,PASS,0,PASS,87,PASS,238033,PASS,7187575,PASS
G18001876,PASS,FALSE,PASS,0,PASS,64,PASS,505535,PASS,6621048,PASS
G18001882,PASS,FALSE,PASS,0,PASS,28,PASS,435866,PASS,6418767,PASS
G18001885,PASS,FALSE,PASS,0,PASS,66,PASS,306751,PASS,6876277,PASS
G18001886,PASS,FALSE,PASS,0,PASS,73,PASS,269455,PASS,6772362,PASS
G18001891,PASS,FALSE,PASS,0,PASS,77,PASS,235089,PASS,6899898,PASS
G18001892,PASS,FALSE,PASS,0,PASS,60,PASS,402903,PASS,6729782,PASS
G18001893,PASS,FALSE,PASS,0,PASS,36,PASS,429521,PASS,6840203,PASS
G18001897,PASS,FALSE,PASS,0,PASS,33,PASS,313143,PASS,6548038,PASS
G18001904,PASS,FALSE,PASS,0,PASS,30,PASS,511655,PASS,6420741,PASS
G18001914,PASS,FALSE,PASS,0,PASS,60,PASS,269221,PASS,6889529,PASS
G18001915,PASS,FALSE,PASS,0,PASS,65,PASS,341117,PASS,6776141,PASS
G18001916,PASS,FALSE,PASS,0,PASS,32,PASS,426471,PASS,6333770,PASS
G18001917,PASS,FALSE,PASS,0,PASS,31,PASS,512304,PASS,6412974,PASS
G18001918,PASS,FALSE,PASS,0,PASS,31,PASS,768483,PASS,6794353,PASS
G18001919,PASS,FALSE,PASS,0,PASS,39,PASS,496639,PASS,6476370,PASS
G18001923,PASS,FALSE,PASS,0,PASS,76,PASS,303984,PASS,7079809,PASS
G18001924,PASS,FALSE,PASS,0,PASS,32,PASS,419546,PASS,6385604,PASS
G18001925,PASS,FALSE,PASS,0,PASS,54,PASS,406100,PASS,7197289,PASS
G18001930,PASS,FALSE,PASS,0,PASS,34,PASS,540442,PASS,6724112,PASS
G18001932,PASS,FALSE,PASS,0,PASS,35,PASS,432438,PASS,6474930,PASS
G18001937,PASS,FALSE,PASS,0,PASS,55,PASS,308019,PASS,7056154,PASS
G18001938,PASS,FALSE,PASS,0,PASS,42,PASS,477840,PASS,6509142,PASS
G18001943,PASS,FALSE,PASS,0,PASS,71,PASS,237571,PASS,6959951,PASS
G18001946,PASS,FALSE,PASS,0,PASS,106,PASS,194215,PASS,7109278,PASS
G18001947,PASS,FALSE,PASS,0,PASS,60,PASS,484323,PASS,7051342,PASS
G18001949,PASS,FALSE,PASS,0,PASS,53,PASS,605023,PASS,6842653,PASS
G18001956,PASS,FALSE,PASS,0,PASS,22,PASS,577070,PASS,6256532,PASS
G18001958,PASS,FALSE,PASS,0,PASS,35,PASS,565106,PASS,6803457,PASS
G18001978,PASS,FALSE,PASS,0,PASS,66,PASS,224878,PASS,7124032,PASS
G18001979,PASS,FALSE,PASS,0,PASS,26,PASS,435694,PASS,6293285,PASS
G18001984,PASS,FALSE,PASS,0,PASS,64,PASS,245303,PASS,7115976,PASS
G18001987,PASS,FALSE,PASS,0,PASS,67,PASS,290265,PASS,7449132,PASS
G18001988,PASS,FALSE,PASS,0,PASS,39,PASS,469602,PASS,6993244,PASS
G18001992,PASS,FALSE,PASS,0,PASS,38,PASS,302103,PASS,6589334,PASS
G18002006,PASS,FALSE,PASS,0,PASS,76,PASS,260330,PASS,6957434,PASS
G18002008,PASS,FALSE,PASS,0,PASS,41,PASS,427503,PASS,7094733,PASS
G18002010,PASS,FALSE,PASS,0,PASS,72,PASS,250601,PASS,7076022,PASS
G18002012,PASS,FALSE,PASS,0,PASS,55,PASS,426597,PASS,6761216,PASS
G18002023,PASS,FALSE,PASS,0,PASS,89,PASS,217556,PASS,7219711,PASS
G18002024,PASS,FALSE,PASS,0,PASS,39,PASS,313143,PASS,6498244,PASS
G18002036,PASS,FALSE,PASS,0,PASS,36,PASS,428428,PASS,6786961,PASS
G18002037,PASS,FALSE,PASS,0,PASS,30,PASS,394616,PASS,6402401,PASS
G18002041,PASS,FALSE,PASS,0,PASS,74,PASS,289908,PASS,6963902,PASS
G18002043,PASS,FALSE,PASS,0,PASS,52,PASS,306776,PASS,7098380,PASS
G18002057,PASS,FALSE,PASS,0,PASS,69,PASS,284823,PASS,7148256,PASS
G18002072,PASS,FALSE,PASS,0,PASS,46,PASS,402598,PASS,6731349,PASS
G18002078,PASS,FALSE,PASS,0,PASS,40,PASS,377846,PASS,6482826,PASS
G18002080,PASS,FALSE,PASS,0,PASS,59,PASS,267306,PASS,7213839,PASS
G18002082,PASS,FALSE,PASS,0,PASS,91,PASS,227326,PASS,7119050,PASS
G18002086,PASS,FALSE,PASS,0,PASS,76,PASS,256086,PASS,7308592,PASS
G18002087,PASS,FALSE,PASS,0,PASS,74,PASS,231072,PASS,7126845,PASS
G18002088,PASS,FALSE,PASS,0,PASS,40,PASS,399414,PASS,6755722,PASS
G18002089,PASS,FALSE,PASS,0,PASS,67,PASS,285499,PASS,7173681,PASS
G18002092,PASS,FALSE,PASS,0,PASS,20,PASS,729298,PASS,6366929,PASS
G18002093,PASS,FALSE,PASS,0,PASS,90,PASS,235426,PASS,7126587,PASS
G18002094,PASS,FALSE,PASS,0,PASS,42,PASS,408605,PASS,6771354,PASS
G18002100,PASS,FALSE,PASS,0,PASS,64,PASS,509307,PASS,7353077,PASS
G18002106,PASS,FALSE,PASS,0,PASS,80,PASS,206043,PASS,6954736,PASS
G18002107,PASS,FALSE,PASS,0,PASS,96,PASS,204519,PASS,6978329,PASS
G18002108,PASS,FALSE,PASS,0,PASS,97,PASS,206842,PASS,6988205,PASS
G18002109,PASS,FALSE,PASS,0,PASS,49,PASS,287942,PASS,6622575,PASS
G18002110,PASS,FALSE,PASS,0,PASS,63,PASS,334383,PASS,7096036,PASS
G18002111,PASS,FALSE,PASS,0,PASS,69,PASS,290076,PASS,7311802,PASS
G18002112,PASS,FALSE,PASS,0,PASS,59,PASS,306937,PASS,7312914,PASS
G18002113,PASS,FALSE,PASS,0,PASS,66,PASS,291447,PASS,7174718,PASS
G18002114,PASS,FALSE,PASS,0,PASS,85,PASS,207104,PASS,6958398,PASS
G18002116,PASS,FALSE,PASS,0,PASS,83,PASS,240261,PASS,6936914,PASS
G18002117,PASS,FALSE,PASS,0,PASS,29,PASS,513847,PASS,6250674,PASS
G18002119,PASS,FALSE,PASS,0,PASS,23,PASS,701511,PASS,6468679,PASS
G18002123,PASS,FALSE,PASS,0,PASS,77,PASS,228099,PASS,7006664,PASS
G18002125,PASS,FALSE,PASS,0,PASS,83,PASS,227999,PASS,6990782,PASS
G18002126,PASS,FALSE,PASS,0,PASS,66,PASS,262255,PASS,7144451,PASS
G18002127,PASS,FALSE,PASS,0,PASS,85,PASS,233587,PASS,6876156,PASS
G18002129,PASS,FALSE,PASS,0,PASS,58,PASS,485601,PASS,7125164,PASS
G18002131,PASS,FALSE,PASS,0,PASS,65,PASS,261684,PASS,7051470,PASS
G18002132,PASS,FALSE,PASS,0,PASS,80,PASS,262149,PASS,7435830,PASS
G18002137,PASS,FALSE,PASS,0,PASS,44,PASS,285907,PASS,6581018,PASS
G18002138,PASS,FALSE,PASS,0,PASS,59,PASS,286843,PASS,6734073,PASS
G18002139,PASS,FALSE,PASS,0,PASS,26,PASS,512003,PASS,6551724,PASS
G18002140,PASS,FALSE,PASS,0,PASS,51,PASS,430036,PASS,6678266,PASS
G18002141,PASS,FALSE,PASS,0,PASS,49,PASS,307965,PASS,6971149,PASS
G18002144,PASS,FALSE,PASS,0,PASS,78,PASS,289908,PASS,6973584,PASS
G18002147,PASS,FALSE,PASS,0,PASS,69,PASS,260671,PASS,7309256,PASS
G18002148,PASS,FALSE,PASS,0,PASS,33,PASS,770243,PASS,6337998,PASS
G18002149,PASS,FALSE,PASS,0,PASS,54,PASS,306940,PASS,7125599,PASS
G18002152,PASS,FALSE,PASS,0,PASS,60,PASS,291827,PASS,7040006,PASS
G18002154,PASS,FALSE,PASS,0,PASS,65,PASS,284879,PASS,7144501,PASS
G18002155,PASS,FALSE,PASS,0,PASS,35,PASS,777586,PASS,6420863,PASS
G18002156,PASS,FALSE,PASS,0,PASS,68,PASS,284761,PASS,7149042,PASS
G18002157,PASS,FALSE,PASS,0,PASS,42,PASS,393319,PASS,6802312,PASS
G18002159,PASS,FALSE,PASS,0,PASS,71,PASS,267205,PASS,7524822,PASS
G18002160,PASS,FALSE,PASS,0,PASS,45,PASS,533184,PASS,6908139,PASS
G18002161,PASS,FALSE,PASS,0,PASS,63,PASS,231622,PASS,6913821,PASS
G18002167,PASS,FALSE,PASS,0,PASS,75,PASS,289908,PASS,6978830,PASS
G18002168,PASS,FALSE,PASS,0,PASS,74,PASS,298922,PASS,7014380,PASS
G18002171,PASS,FALSE,PASS,0,PASS,72,PASS,269197,PASS,6966270,PASS
G18002172,FAILURE,TRUE,FAILURE,10.94,FAILURE,1711,FAILURE,82426,PASS,11500135,WARNING
G18002174,PASS,FALSE,PASS,0,PASS,60,PASS,295900,PASS,7048636,PASS
G18002176,PASS,FALSE,PASS,0,PASS,41,PASS,359415,PASS,6556656,PASS
G18002179,FAILURE,TRUE,FAILURE,30.65,FAILURE,169,WARNING,210348,PASS,12251686,WARNING
G18002180,FAILURE,TRUE,FAILURE,9.48,FAILURE,1498,FAILURE,114609,PASS,10625206,WARNING
G18002181,PASS,FALSE,PASS,0,PASS,58,PASS,298994,PASS,7219988,PASS
G18002182,FAILURE,TRUE,FAILURE,14.26,FAILURE,424,FAILURE,150043,PASS,12520985,WARNING
G18002189,PASS,FALSE,PASS,0,PASS,53,PASS,284284,PASS,7047389,PASS
G18002192,PASS,FALSE,PASS,0,PASS,62,PASS,267205,PASS,7091379,PASS
G18002193,FAILURE,TRUE,FAILURE,22.45,FAILURE,239,WARNING,182090,PASS,12706249,WARNING
G18002196,PASS,FALSE,PASS,0,PASS,59,PASS,235424,PASS,7037732,PASS
G18002198,PASS,FALSE,PASS,0,PASS,62,PASS,312075,PASS,6736803,PASS
G18002199,PASS,FALSE,PASS,0,PASS,59,PASS,284761,PASS,7120783,PASS
G18002200,PASS,FALSE,PASS,0,PASS,114,PASS,194075,PASS,7463614,PASS
G18002201,FAILURE,TRUE,FAILURE,30.02,FAILURE,139,PASS,213180,PASS,12472214,WARNING
G18002202,FAILURE,TRUE,FAILURE,14.37,FAILURE,1165,FAILURE,46776,WARNING,12498956,WARNING
G18002205,PASS,FALSE,PASS,0,PASS,77,PASS,242389,PASS,7006279,PASS
G18002206,PASS,FALSE,PASS,0,PASS,46,PASS,344756,PASS,6851643,PASS
G18002207,FAILURE,TRUE,FAILURE,12.98,FAILURE,1553,FAILURE,104341,PASS,11234107,WARNING
G18002211,PASS,FALSE,PASS,0,PASS,63,PASS,402903,PASS,6720503,PASS
G18002215,PASS,FALSE,PASS,0,PASS,62,PASS,470966,PASS,6915766,PASS
G18002218,PASS,FALSE,PASS,0,PASS,41,PASS,443147,PASS,6682316,PASS
G18002222,PASS,FALSE,PASS,0,PASS,35,PASS,430476,PASS,6534150,PASS
G18002223,FAILURE,TRUE,FAILURE,8.05,FAILURE,1532,FAILURE,395595,PASS,9541311,WARNING
G18002224,PASS,FALSE,PASS,0,PASS,76,PASS,265899,PASS,7043974,PASS
G18002227,PASS,FALSE,PASS,0,PASS,32,PASS,590710,PASS,6538752,PASS
G18002230,PASS,FALSE,PASS,0,PASS,51,PASS,402903,PASS,6718180,PASS
G18002240,PASS,FALSE,PASS,0,PASS,19,PASS,662111,PASS,6372074,PASS
G18002242,FAILURE,TRUE,FAILURE,12.15,FAILURE,295,WARNING,235279,PASS,7823914,PASS
G18002245,PASS,FALSE,PASS,0,PASS,49,PASS,308245,PASS,7035688,PASS
G18002246,PASS,FALSE,PASS,0,PASS,42,PASS,340841,PASS,7129646,PASS
G18002252,FAILURE,TRUE,FAILURE,10.95,FAILURE,673,FAILURE,87890,PASS,12779666,WARNING
G18002254,PASS,FALSE,PASS,0,PASS,69,PASS,284879,PASS,7348147,PASS
G18002259,PASS,FALSE,PASS,0,PASS,66,PASS,452985,PASS,7325367,PASS
G18002265,PASS,FALSE,PASS,0,PASS,40,PASS,429645,PASS,6530051,PASS
G18002266,PASS,FALSE,PASS,0,PASS,35,PASS,346499,PASS,6438917,PASS
G18002275,PASS,FALSE,PASS,0,PASS,28,PASS,432621,PASS,6287221,PASS
G18002279,PASS,FALSE,PASS,0,PASS,84,PASS,300339,PASS,6910422,PASS
G18002280,PASS,FALSE,PASS,0,PASS,23,PASS,599350,PASS,6654846,PASS
G18002281,PASS,FALSE,PASS,0,PASS,24,PASS,599350,PASS,6652798,PASS
G18002282,PASS,FALSE,PASS,0,PASS,119,PASS,227091,PASS,6933773,PASS
G18002283,PASS,FALSE,PASS,0,PASS,46,PASS,308019,PASS,7054286,PASS
G18002284,PASS,FALSE,PASS,0,PASS,80,PASS,206270,PASS,7063757,PASS
G18002285,PASS,FALSE,PASS,0,PASS,33,PASS,506650,PASS,6349944,PASS
G18002286,PASS,FALSE,PASS,0,PASS,37,PASS,304468,PASS,6323117,PASS
G18002288,PASS,FALSE,PASS,0,PASS,37,PASS,491541,PASS,6535021,PASS
G18002289,PASS,FALSE,PASS,0,PASS,62,PASS,238447,PASS,7137666,PASS
G18002290,PASS,FALSE,PASS,0,PASS,31,PASS,604771,PASS,6467124,PASS
G18002294,PASS,FALSE,PASS,0,PASS,66,PASS,291295,PASS,7094549,PASS
G18002295,PASS,FALSE,PASS,0,PASS,34,PASS,425669,PASS,6307105,PASS
G18002296,PASS,FALSE,PASS,0,PASS,22,PASS,806008,PASS,6483900,PASS
G18002298,PASS,FALSE,PASS,0,PASS,91,PASS,206269,PASS,7049796,PASS
G18002299,PASS,FALSE,PASS,0,PASS,53,PASS,258451,PASS,6869949,PASS
G18002300,PASS,FALSE,PASS,0,PASS,48,PASS,408999,PASS,7115889,PASS
G18002301,PASS,FALSE,PASS,0,PASS,95,PASS,204439,PASS,6992781,PASS
G18002307,PASS,FALSE,PASS,0,PASS,77,PASS,437606,PASS,7483873,PASS
G18002308,PASS,FALSE,PASS,0,PASS,71,PASS,308351,PASS,7254614,PASS
G18002310,PASS,FALSE,PASS,0,PASS,23,PASS,768929,PASS,6653057,PASS
G18002313,PASS,FALSE,PASS,0,PASS,85,PASS,220596,PASS,6999221,PASS
G18002314,PASS,FALSE,PASS,0,PASS,48,PASS,464020,PASS,7318841,PASS
G18002316,PASS,FALSE,PASS,0,PASS,40,PASS,327637,PASS,6612204,PASS
G18002317,PASS,FALSE,PASS,0,PASS,64,PASS,358194,PASS,7570028,PASS
G18002318,PASS,FALSE,PASS,0,PASS,57,PASS,350163,PASS,7075921,PASS
G18002319,PASS,FALSE,PASS,0,PASS,60,PASS,290503,PASS,7124865,PASS
G18002320,PASS,FALSE,PASS,0,PASS,99,PASS,322556,PASS,7245283,PASS
G18002321,PASS,FALSE,PASS,0,PASS,56,PASS,234821,PASS,6955306,PASS
G18002323,PASS,FALSE,PASS,0,PASS,34,PASS,378783,PASS,6457519,PASS
G18002324,PASS,FALSE,PASS,0,PASS,74,PASS,272693,PASS,6961053,PASS
G18002327,PASS,FALSE,PASS,0,PASS,51,PASS,339788,PASS,7101593,PASS
G18002328,FAILURE,TRUE,FAILURE,25.53,FAILURE,393,FAILURE,58190,PASS,8316722,PASS
G18002329,PASS,FALSE,PASS,0,PASS,66,PASS,384644,PASS,6975692,PASS
G18002332,PASS,FALSE,PASS,0,PASS,74,PASS,298922,PASS,7007945,PASS
G18002333,PASS,FALSE,PASS,0,PASS,45,PASS,460238,PASS,6750345,PASS
G18002335,PASS,FALSE,PASS,0,PASS,66,PASS,266129,PASS,7148078,PASS
G18002337,PASS,FALSE,PASS,0,PASS,99,PASS,175006,PASS,7557562,PASS
G18002338,PASS,FALSE,PASS,0,PASS,44,PASS,477275,PASS,6937519,PASS
G18002339,PASS,FALSE,PASS,0,PASS,95,PASS,205267,PASS,7508678,PASS
G18002342,PASS,FALSE,PASS,0,PASS,69,PASS,319327,PASS,7116863,PASS
G18002344,PASS,FALSE,PASS,0,PASS,50,PASS,308019,PASS,7103500,PASS
G18002347,PASS,FALSE,PASS,0,PASS,48,PASS,367285,PASS,6731512,PASS
G18002348,PASS,FALSE,PASS,0,PASS,65,PASS,338107,PASS,7017946,PASS
G18002349,PASS,FALSE,PASS,0,PASS,83,PASS,253707,PASS,7222151,PASS
G18002350,PASS,FALSE,PASS,0,PASS,70,PASS,298934,PASS,6966280,PASS
G18002351,PASS,FALSE,PASS,0,PASS,88,PASS,238033,PASS,7313201,PASS
G18002352,PASS,FALSE,PASS,0,PASS,51,PASS,270929,PASS,6966570,PASS
G18002353,WARNING,TRUE,FAILURE,0,PASS,77,PASS,414456,PASS,6732105,PASS
G18002355,PASS,FALSE,PASS,0,PASS,53,PASS,385526,PASS,7126123,PASS
G18002356,PASS,FALSE,PASS,0,PASS,70,PASS,246698,PASS,7158366,PASS
G18002358,PASS,FALSE,PASS,0,PASS,25,PASS,770925,PASS,6263699,PASS
G18002360,PASS,FALSE,PASS,0,PASS,65,PASS,232545,PASS,7268512,PASS
G18002361,WARNING,FALSE,PASS,0,PASS,54,PASS,323168,PASS,7362743,PASS
G18002362,PASS,FALSE,PASS,0,PASS,49,PASS,407108,PASS,6938836,PASS
G18002364,PASS,FALSE,PASS,0,PASS,78,PASS,235424,PASS,6803503,PASS
G18002365,PASS,FALSE,PASS,0,PASS,61,PASS,295050,PASS,7119209,PASS
G18002366,PASS,FALSE,PASS,0,PASS,34,PASS,354302,PASS,6461818,PASS
G18002367,PASS,FALSE,PASS,0,PASS,56,PASS,362415,PASS,6860789,PASS
G18002368,PASS,FALSE,PASS,0,PASS,52,PASS,308019,PASS,7144107,PASS
G18002369,PASS,FALSE,PASS,0,PASS,70,PASS,211034,PASS,6713354,PASS
G18002370,PASS,FALSE,PASS,0,PASS,50,PASS,284879,PASS,7141381,PASS
G18002373,PASS,FALSE,PASS,0,PASS,61,PASS,290562,PASS,7091075,PASS
G18002374,PASS,FALSE,PASS,0,PASS,72,PASS,258568,PASS,7442458,PASS
G18002375,PASS,FALSE,PASS,0,PASS,66,PASS,236243,PASS,6920091,PASS
G18002376,PASS,FALSE,PASS,0,PASS,45,PASS,427641,PASS,6678295,PASS
G18002377,FAILURE,TRUE,FAILURE,33.52,FAILURE,1325,FAILURE,8773,FAILURE,7027789,PASS
G18002381,FAILURE,TRUE,FAILURE,12.32,FAILURE,338,FAILURE,158009,PASS,7879881,PASS
G18002383,PASS,FALSE,PASS,0,PASS,57,PASS,318563,PASS,6956336,PASS
G18002384,PASS,FALSE,PASS,0,PASS,64,PASS,231431,PASS,7051736,PASS
G18002385,PASS,FALSE,PASS,0,PASS,67,PASS,224288,PASS,7282598,PASS
G18002386,PASS,FALSE,PASS,0,PASS,88,PASS,215045,PASS,6980789,PASS
G18002387,PASS,FALSE,PASS,0,PASS,68,PASS,272678,PASS,6721840,PASS
G18002388,PASS,FALSE,PASS,0,PASS,39,PASS,405940,PASS,6948242,PASS
G18002389,PASS,FALSE,PASS,0,PASS,61,PASS,258996,PASS,7073969,PASS
G18002390,PASS,FALSE,PASS,0,PASS,37,PASS,471975,PASS,6391583,PASS
G18002391,PASS,FALSE,PASS,0,PASS,36,PASS,650565,PASS,6748204,PASS
G18002392,PASS,FALSE,PASS,0,PASS,66,PASS,241049,PASS,7065400,PASS
G18002393,PASS,FALSE,PASS,0,PASS,50,PASS,420355,PASS,7030561,PASS
G18002396,PASS,FALSE,PASS,0,PASS,36,PASS,425214,PASS,6500228,PASS
G18002399,PASS,FALSE,PASS,0,PASS,81,PASS,324659,PASS,7284170,PASS
G18002400,PASS,FALSE,PASS,0,PASS,61,PASS,231623,PASS,6996314,PASS
G18002402,PASS,FALSE,PASS,0,PASS,30,PASS,767861,PASS,6311501,PASS
G18002403,PASS,FALSE,PASS,0,PASS,51,PASS,290562,PASS,7057199,PASS
G18002404,PASS,FALSE,PASS,0,PASS,20,PASS,569319,PASS,6328440,PASS
G18002407,PASS,FALSE,PASS,0,PASS,66,PASS,269455,PASS,6809985,PASS
G18002408,PASS,FALSE,PASS,0,PASS,87,PASS,244464,PASS,7005211,PASS
G18002410,PASS,FALSE,PASS,0,PASS,61,PASS,215047,PASS,7040331,PASS
G18002411,PASS,FALSE,PASS,0,PASS,67,PASS,319128,PASS,7008602,PASS
G18002414,PASS,FALSE,PASS,0,PASS,59,PASS,282903,PASS,7198083,PASS
G18002415,PASS,FALSE,PASS,0,PASS,28,PASS,583648,PASS,6677573,PASS
G18002417,PASS,FALSE,PASS,0,PASS,65,PASS,304041,PASS,6936845,PASS
G18002418,PASS,FALSE,PASS,0,PASS,79,PASS,282289,PASS,6870379,PASS
G18002419,PASS,FALSE,PASS,0,PASS,59,PASS,264619,PASS,6750283,PASS
G18002421,PASS,FALSE,PASS,0,PASS,58,PASS,360304,PASS,6994820,PASS
G18002422,PASS,FALSE,PASS,0,PASS,52,PASS,307965,PASS,7097763,PASS
G18002423,PASS,FALSE,PASS,0,PASS,58,PASS,235424,PASS,7055813,PASS
G18002426,PASS,FALSE,PASS,0,PASS,84,PASS,249194,PASS,7482854,PASS
G18002430,PASS,FALSE,PASS,0,PASS,87,PASS,251935,PASS,7504706,PASS
G18002434,PASS,FALSE,PASS,0,PASS,45,PASS,415314,PASS,6896709,PASS
G18002437,PASS,FALSE,PASS,0,PASS,32,PASS,442591,PASS,6425173,PASS
G18002438,PASS,FALSE,PASS,0,PASS,61,PASS,343557,PASS,6758359,PASS
G18002439,PASS,FALSE,PASS,0,PASS,61,PASS,285325,PASS,7093007,PASS
G18002440,PASS,FALSE,PASS,0,PASS,56,PASS,442160,PASS,7347373,PASS
G18002443,PASS,FALSE,PASS,0,PASS,56,PASS,303639,PASS,7176120,PASS
G18002446,PASS,FALSE,PASS,0,PASS,75,PASS,227471,PASS,6958403,PASS
G18002447,PASS,FALSE,PASS,0,PASS,80,PASS,235419,PASS,6812477,PASS
G18002449,PASS,FALSE,PASS,0,PASS,63,PASS,307846,PASS,7109386,PASS
G18002450,PASS,FALSE,PASS,0,PASS,61,PASS,367390,PASS,6955532,PASS
G18002451,PASS,FALSE,PASS,0,PASS,62,PASS,538768,PASS,7056646,PASS
G18002456,PASS,FALSE,PASS,0,PASS,70,PASS,298665,PASS,7037179,PASS
G18002457,PASS,FALSE,PASS,0,PASS,72,PASS,336139,PASS,7006758,PASS
G18002458,PASS,FALSE,PASS,0,PASS,46,PASS,350501,PASS,6866672,PASS
G18002459,PASS,FALSE,PASS,0,PASS,110,PASS,219847,PASS,7622357,PASS
G18002461,PASS,FALSE,PASS,0,PASS,44,PASS,416735,PASS,7086996,PASS
G18002463,PASS,FALSE,PASS,0,PASS,40,PASS,479074,PASS,6748631,PASS
G18002464,PASS,FALSE,PASS,0,PASS,83,PASS,207211,PASS,6998243,PASS
G18002465,PASS,FALSE,PASS,0,PASS,26,PASS,424950,PASS,6497276,PASS
G18002466,PASS,FALSE,PASS,0,PASS,52,PASS,414690,PASS,6905446,PASS
G18002468,PASS,FALSE,PASS,0,PASS,23,PASS,772093,PASS,6287012,PASS
G18002469,PASS,FALSE,PASS,0,PASS,31,PASS,578631,PASS,6946248,PASS
G18002470,PASS,FALSE,PASS,0,PASS,63,PASS,235424,PASS,7001256,PASS
G18250055,PASS,FALSE,PASS,0,PASS,69,PASS,269683,PASS,7026619,PASS
G18250074,PASS,FALSE,PASS,0,PASS,49,PASS,269250,PASS,6676270,PASS
G18250084,PASS,FALSE,PASS,0,PASS,59,PASS,418648,PASS,7038440,PASS
G18250090,PASS,FALSE,PASS,0,PASS,19,PASS,703227,PASS,6213831,PASS
G18250092,PASS,FALSE,PASS,0,PASS,60,PASS,256990,PASS,7031675,PASS
G18250102,PASS,FALSE,PASS,0,PASS,22,PASS,665419,PASS,6253337,PASS
G18250112,PASS,FALSE,PASS,0,PASS,63,PASS,353170,PASS,6926875,PASS
G18250115,PASS,FALSE,PASS,0,PASS,21,PASS,926837,PASS,6404747,PASS
G18250117,PASS,FALSE,PASS,0,PASS,51,PASS,395606,PASS,7072959,PASS
G18250120,PASS,FALSE,PASS,0,PASS,61,PASS,286627,PASS,7032165,PASS
G18250125,PASS,FALSE,PASS,0,PASS,90,PASS,370001,PASS,6855620,PASS
G18250129,PASS,FALSE,PASS,0,PASS,68,PASS,301690,PASS,6919729,PASS
G18250135,PASS,FALSE,PASS,0,PASS,67,PASS,259218,PASS,6874351,PASS
G18250139,PASS,FALSE,PASS,0,PASS,59,PASS,269683,PASS,7030917,PASS
G18250144,PASS,FALSE,PASS,0,PASS,31,PASS,476756,PASS,6291411,PASS
G18250147,PASS,FALSE,PASS,0,PASS,66,PASS,269683,PASS,7037806,PASS
G18250149,PASS,FALSE,PASS,0,PASS,51,PASS,304500,PASS,6697410,PASS
G18250151,PASS,FALSE,PASS,0,PASS,59,PASS,352978,PASS,6765434,PASS
G18250155,PASS,FALSE,PASS,0,PASS,42,PASS,350578,PASS,6514415,PASS
G18250159,PASS,FALSE,PASS,0,PASS,60,PASS,269653,PASS,6994695,PASS
G18250162,PASS,FALSE,PASS,0,PASS,44,PASS,375592,PASS,6497280,PASS
G18250169,PASS,FALSE,PASS,0,PASS,35,PASS,508180,PASS,6365024,PASS
G18250170,PASS,FALSE,PASS,0,PASS,48,PASS,429942,PASS,6707421,PASS
G18255250,FAILURE,TRUE,FAILURE,7.58,FAILURE,1009,FAILURE,494166,PASS,7721338,PASS
G18501063,FAILURE,TRUE,FAILURE,29.33,FAILURE,79,PASS,421863,PASS,11699023,WARNING
G18581016,PASS,FALSE,PASS,0,PASS,56,PASS,286886,PASS,6639511,PASS
G18581018,PASS,FALSE,PASS,0,PASS,27,PASS,427330,PASS,6262052,PASS
G18581022,PASS,FALSE,PASS,0,PASS,56,PASS,323472,PASS,6654014,PASS
G18581024,PASS,FALSE,PASS,0,PASS,54,PASS,323472,PASS,6806024,PASS
G18581030,PASS,FALSE,PASS,0,PASS,35,PASS,442305,PASS,7012025,PASS
G18581072,PASS,FALSE,PASS,0,PASS,58,PASS,328363,PASS,6646433,PASS
G18581073,FAILURE,TRUE,FAILURE,19.99,FAILURE,95,PASS,297238,PASS,10695113,WARNING
G18581074,PASS,FALSE,PASS,0,PASS,55,PASS,281204,PASS,6862940,PASS
G18581076,PASS,FALSE,PASS,0,PASS,45,PASS,410993,PASS,6720569,PASS
G18581077,PASS,FALSE,PASS,0,PASS,48,PASS,380863,PASS,6640175,PASS
G18581078,PASS,FALSE,PASS,0,PASS,69,PASS,208826,PASS,6812222,PASS
G18581081,PASS,FALSE,PASS,0,PASS,38,PASS,430180,PASS,6529080,PASS
G18581082,PASS,FALSE,PASS,0,PASS,42,PASS,326700,PASS,6758264,PASS
G18581083,PASS,FALSE,PASS,0,PASS,44,PASS,359148,PASS,6759943,PASS
G18581084,PASS,FALSE,PASS,0,PASS,31,PASS,442274,PASS,7015235,PASS
G18581085,PASS,FALSE,PASS,0,PASS,35,PASS,418852,PASS,6746338,PASS
G18600057,PASS,FALSE,PASS,0,PASS,25,PASS,510019,PASS,6222531,PASS
G18754298,PASS,FALSE,PASS,0,PASS,61,PASS,341267,PASS,7196667,PASS
G18754299,PASS,FALSE,PASS,0,PASS,52,PASS,282483,PASS,6923496,PASS
G18754300,PASS,FALSE,PASS,0,PASS,108,PASS,222624,PASS,7038598,PASS
G18754301,PASS,FALSE,PASS,0,PASS,70,PASS,322518,PASS,7638018,PASS
G18754302,PASS,FALSE,PASS,0,PASS,54,PASS,235420,PASS,6858703,PASS
G18754303,PASS,FALSE,PASS,0,PASS,47,PASS,488740,PASS,7230388,PASS
G18754304,PASS,FALSE,PASS,0,PASS,36,PASS,353493,PASS,6794490,PASS
G18754305,PASS,FALSE,PASS,0,PASS,30,PASS,442942,PASS,6509971,PASS
G18754306,PASS,FALSE,PASS,0,PASS,49,PASS,697245,PASS,6967530,PASS
G18754307,PASS,FALSE,PASS,0,PASS,68,PASS,296170,PASS,7347716,PASS
G18754308,PASS,FALSE,PASS,0,PASS,35,PASS,430284,PASS,6964323,PASS
G18754309,PASS,FALSE,PASS,0,PASS,95,PASS,286771,PASS,7342883,PASS
G18754310,PASS,FALSE,PASS,0,PASS,70,PASS,290174,PASS,6835260,PASS
G18754311,PASS,FALSE,PASS,0,PASS,40,PASS,582121,PASS,7113364,PASS
G18754312,PASS,FALSE,PASS,0,PASS,44,PASS,363205,PASS,7107337,PASS
G18754313,PASS,FALSE,PASS,0,PASS,51,PASS,373848,PASS,7447046,PASS
G18754314,PASS,FALSE,PASS,0,PASS,43,PASS,440658,PASS,7105586,PASS
G18754315,PASS,FALSE,PASS,0,PASS,18,PASS,719676,PASS,6328366,PASS
G18754316,PASS,FALSE,PASS,0,PASS,49,PASS,319828,PASS,7178721,PASS
G18754317,PASS,FALSE,PASS,0,PASS,45,PASS,350023,PASS,6540907,PASS
G18754318,PASS,FALSE,PASS,0,PASS,64,PASS,278869,PASS,7050960,PASS
G18754319,PASS,FALSE,PASS,0,PASS,68,PASS,298818,PASS,7007139,PASS
G18754320,PASS,FALSE,PASS,0,PASS,75,PASS,235791,PASS,7046315,PASS
G18754321,PASS,FALSE,PASS,0,PASS,49,PASS,352842,PASS,6743275,PASS
G18754322,PASS,FALSE,PASS,0,PASS,55,PASS,272771,PASS,6767710,PASS
G18754323,PASS,FALSE,PASS,0,PASS,64,PASS,292500,PASS,7111273,PASS
G18754324,PASS,FALSE,PASS,0,PASS,41,PASS,494626,PASS,6491918,PASS
G18754325,PASS,FALSE,PASS,0,PASS,73,PASS,294605,PASS,6951450,PASS
G18754327,PASS,FALSE,PASS,0,PASS,50,PASS,373937,PASS,7219376,PASS
G18754329,PASS,FALSE,PASS,0,PASS,73,PASS,245417,PASS,6863379,PASS
G18754330,PASS,FALSE,PASS,0,PASS,80,PASS,239408,PASS,6857779,PASS
G18754331,PASS,FALSE,PASS,0,PASS,64,PASS,252615,PASS,6810455,PASS
G18754332,PASS,FALSE,PASS,0,PASS,75,PASS,262108,PASS,6696128,PASS
G18754333,PASS,FALSE,PASS,0,PASS,67,PASS,490141,PASS,6919250,PASS
G18754334,PASS,FALSE,PASS,0,PASS,51,PASS,496472,PASS,6896618,PASS
G18754335,PASS,FALSE,PASS,0,PASS,76,PASS,333412,PASS,6866010,PASS
G18754336,PASS,FALSE,PASS,0,PASS,75,PASS,245365,PASS,6780528,PASS
G18754337,PASS,FALSE,PASS,0,PASS,64,PASS,283048,PASS,6922163,PASS
G18754338,WARNING,TRUE,FAILURE,0,PASS,146,PASS,406657,PASS,6640501,PASS
G18754339,PASS,FALSE,PASS,0,PASS,60,PASS,324142,PASS,6905856,PASS
G18754340,PASS,FALSE,PASS,0,PASS,62,PASS,275891,PASS,6852100,PASS
G18754341,PASS,FALSE,PASS,0,PASS,49,PASS,364179,PASS,6763082,PASS
G18754342,PASS,FALSE,PASS,0,PASS,66,PASS,209424,PASS,6913761,PASS
G18754343,PASS,FALSE,PASS,0,PASS,49,PASS,394607,PASS,7095632,PASS
G18754344,PASS,FALSE,PASS,0,PASS,21,PASS,769807,PASS,6482933,PASS
G18754346,PASS,FALSE,PASS,0,PASS,69,PASS,272072,PASS,7293584,PASS
G18754347,PASS,FALSE,PASS,0,PASS,55,PASS,394989,PASS,6654623,PASS
G18754348,PASS,FALSE,PASS,0,PASS,44,PASS,481794,PASS,6731396,PASS
G18754349,PASS,FALSE,PASS,0,PASS,50,PASS,399420,PASS,6660714,PASS
G18760003,PASS,FALSE,PASS,0,PASS,27,PASS,406476,PASS,6442402,PASS
G18760012,PASS,FALSE,PASS,0,PASS,71,PASS,340221,PASS,6881495,PASS
G18760013,PASS,FALSE,PASS,0,PASS,32,PASS,356682,PASS,6431682,PASS
G18760045,PASS,FALSE,PASS,0,PASS,45,PASS,393974,PASS,6382016,PASS
G18760047,PASS,FALSE,PASS,0,PASS,42,PASS,418675,PASS,6503580,PASS
G18760055,PASS,FALSE,PASS,0,PASS,67,PASS,259809,PASS,6959718,PASS
G18760067,PASS,FALSE,PASS,0,PASS,34,PASS,725441,PASS,6397382,PASS
G18760068,PASS,FALSE,PASS,0,PASS,57,PASS,307417,PASS,6941230,PASS
G18760069,PASS,FALSE,PASS,0,PASS,63,PASS,315949,PASS,6850311,PASS
G18760070,PASS,FALSE,PASS,0,PASS,73,PASS,267954,PASS,6781361,PASS
G18760076,PASS,FALSE,PASS,0,PASS,47,PASS,385143,PASS,7198416,PASS
G18760088,PASS,FALSE,PASS,0,PASS,37,PASS,478016,PASS,6319684,PASS
G18760093,PASS,FALSE,PASS,0,PASS,43,PASS,407604,PASS,6240613,PASS
G18760094,PASS,FALSE,PASS,0,PASS,34,PASS,771951,PASS,6247549,PASS
G18760141,PASS,FALSE,PASS,0,PASS,52,PASS,290538,PASS,6945688,PASS
G18760142,PASS,FALSE,PASS,0,PASS,58,PASS,335617,PASS,6935994,PASS
G18760143,PASS,FALSE,PASS,0,PASS,59,PASS,290823,PASS,6928573,PASS
G18760144,PASS,FALSE,PASS,0,PASS,59,PASS,307417,PASS,6938396,PASS
G18760165,PASS,FALSE,PASS,0,PASS,67,PASS,286393,PASS,6785459,PASS
G18760166,PASS,FALSE,PASS,0,PASS,70,PASS,251685,PASS,6789338,PASS
G18760173,PASS,FALSE,PASS,0,PASS,64,PASS,323871,PASS,6810035,PASS
G18760182,PASS,FALSE,PASS,0,PASS,51,PASS,385806,PASS,7076684,PASS
G18760183,PASS,FALSE,PASS,0,PASS,68,PASS,255235,PASS,7166798,PASS
G18760188,PASS,FALSE,PASS,0,PASS,67,PASS,282180,PASS,7174062,PASS
G18760189,PASS,FALSE,PASS,0,PASS,66,PASS,324237,PASS,6841894,PASS
G18760190,PASS,FALSE,PASS,0,PASS,56,PASS,329422,PASS,7141316,PASS
G18760202,PASS,FALSE,PASS,0,PASS,58,PASS,364359,PASS,7127528,PASS
G18760214,PASS,FALSE,PASS,0,PASS,56,PASS,325027,PASS,7129255,PASS
G18760215,PASS,FALSE,PASS,0,PASS,62,PASS,351060,PASS,7138055,PASS
G18760216,PASS,FALSE,PASS,0,PASS,36,PASS,551795,PASS,6812888,PASS
G18760228,PASS,FALSE,PASS,0,PASS,44,PASS,324096,PASS,6814083,PASS
G18760229,PASS,FALSE,PASS,0,PASS,48,PASS,389511,PASS,6778833,PASS
G18760230,PASS,FALSE,PASS,0,PASS,71,PASS,303546,PASS,6972514,PASS
G18760231,PASS,FALSE,PASS,0,PASS,68,PASS,250170,PASS,6740069,PASS
G18760235,FAILURE,TRUE,FAILURE,19.52,FAILURE,1854,FAILURE,10029,FAILURE,10668287,WARNING
G18760259,FAILURE,TRUE,FAILURE,15.09,FAILURE,301,FAILURE,262864,PASS,7168708,PASS
G18760260,PASS,FALSE,PASS,0,PASS,59,PASS,330451,PASS,6931812,PASS
G18760309,PASS,FALSE,PASS,0,PASS,51,PASS,517788,PASS,6842451,PASS
G18760314,PASS,FALSE,PASS,0,PASS,48,PASS,313626,PASS,6942794,PASS
G18760328,PASS,FALSE,PASS,0,PASS,53,PASS,290099,PASS,6929990,PASS
G18760345,PASS,FALSE,PASS,0,PASS,34,PASS,393898,PASS,6441204,PASS
G18760356,PASS,FALSE,PASS,0,PASS,33,PASS,425246,PASS,6323727,PASS
G18760364,PASS,FALSE,PASS,0,PASS,70,PASS,238633,PASS,7438666,PASS
G18760365,FAILURE,TRUE,FAILURE,0,PASS,425,FAILURE,57786,PASS,9760443,WARNING
G18760366,PASS,FALSE,PASS,0,PASS,95,PASS,158267,PASS,6919233,PASS
G18760367,PASS,FALSE,PASS,0,PASS,84,PASS,171094,PASS,6640915,PASS
G18760368,PASS,FALSE,PASS,0,PASS,81,PASS,171095,PASS,6641836,PASS
G18760447,PASS,FALSE,PASS,0,PASS,37,PASS,537066,PASS,6553010,PASS
G18760474,PASS,FALSE,PASS,0,PASS,34,PASS,307123,PASS,6460049,PASS
G18760486,PASS,FALSE,PASS,0,PASS,54,PASS,294922,PASS,7325055,PASS
G18760522,PASS,FALSE,PASS,0,PASS,70,PASS,257913,PASS,7327492,PASS
G18760549,PASS,FALSE,PASS,0,PASS,55,PASS,272654,PASS,6409293,PASS
G18760550,PASS,FALSE,PASS,0,PASS,64,PASS,261917,PASS,6419441,PASS
G18760551,PASS,FALSE,PASS,0,PASS,48,PASS,304760,PASS,6410374,PASS
G18760552,PASS,FALSE,PASS,0,PASS,55,PASS,272988,PASS,6320038,PASS
G18760553,PASS,FALSE,PASS,0,PASS,62,PASS,374298,PASS,6629392,PASS
G18760564,PASS,FALSE,PASS,0,PASS,55,PASS,272654,PASS,6363205,PASS
G18760565,PASS,FALSE,PASS,0,PASS,62,PASS,287069,PASS,6826069,PASS
G18760566,PASS,FALSE,PASS,0,PASS,80,PASS,274711,PASS,7516745,PASS
G18760579,PASS,FALSE,PASS,0,PASS,46,PASS,353500,PASS,6302702,PASS
G18760584,PASS,FALSE,PASS,0,PASS,56,PASS,415137,PASS,6913390,PASS
G18760606,PASS,FALSE,PASS,0,PASS,31,PASS,627199,PASS,6504568,PASS
G18760632,PASS,FALSE,PASS,0,PASS,49,PASS,425379,PASS,6625706,PASS
G18760633,PASS,FALSE,PASS,0,PASS,45,PASS,395577,PASS,6622824,PASS
G18760639,PASS,FALSE,PASS,0,PASS,54,PASS,454195,PASS,6458231,PASS
G18760762,PASS,FALSE,PASS,0,PASS,37,PASS,369943,PASS,6516658,PASS
G18760839,PASS,FALSE,PASS,0,PASS,47,PASS,384963,PASS,6906490,PASS
G18760852,PASS,FALSE,PASS,0,PASS,60,PASS,311514,PASS,6768292,PASS
G18760853,PASS,FALSE,PASS,0,PASS,51,PASS,279609,PASS,6759472,PASS
G18760857,PASS,FALSE,PASS,0,PASS,28,PASS,841012,PASS,6737207,PASS
G18760858,PASS,FALSE,PASS,0,PASS,86,PASS,217815,PASS,7222314,PASS
G18760890,PASS,FALSE,PASS,0,PASS,36,PASS,395656,PASS,6540996,PASS
G18760891,PASS,FALSE,PASS,0,PASS,38,PASS,381259,PASS,6541478,PASS
G18760902,PASS,FALSE,PASS,0,PASS,20,PASS,702879,PASS,6435324,PASS
G18760915,PASS,FALSE,PASS,0,PASS,114,PASS,221969,PASS,6949751,PASS
G18760921,PASS,FALSE,PASS,0,PASS,73,PASS,226643,PASS,7038209,PASS
G18760972,PASS,FALSE,PASS,0,PASS,71,PASS,235421,PASS,7036771,PASS
G18760994,PASS,FALSE,PASS,0,PASS,32,PASS,482687,PASS,6464616,PASS
G18761032,PASS,FALSE,PASS,0,PASS,35,PASS,422625,PASS,6543616,PASS
G18761111,PASS,FALSE,PASS,0,PASS,50,PASS,320048,PASS,7054369,PASS
G18761126,PASS,FALSE,PASS,0,PASS,38,PASS,348283,PASS,6590389,PASS
G18761127,PASS,FALSE,PASS,0,PASS,65,PASS,312297,PASS,7046191,PASS
G18761148,PASS,FALSE,PASS,0,PASS,60,PASS,295287,PASS,6944111,PASS
G18761161,PASS,FALSE,PASS,0,PASS,22,PASS,786728,PASS,6331061,PASS
G18761162,PASS,FALSE,PASS,0,PASS,35,PASS,477212,PASS,6302038,PASS
G18761163,PASS,FALSE,PASS,0,PASS,55,PASS,290328,PASS,6943000,PASS
G18761164,PASS,FALSE,PASS,0,PASS,38,PASS,433300,PASS,6336570,PASS
G18761193,PASS,FALSE,PASS,0,PASS,62,PASS,376863,PASS,7021842,PASS
G18761196,PASS,FALSE,PASS,0,PASS,36,PASS,416961,PASS,6592472,PASS
G18761197,PASS,FALSE,PASS,0,PASS,55,PASS,312297,PASS,6630215,PASS
G18761198,PASS,FALSE,PASS,0,PASS,36,PASS,414511,PASS,6590032,PASS
G18761199,PASS,FALSE,PASS,0,PASS,40,PASS,390090,PASS,6588692,PASS
G18761218,WARNING,TRUE,FAILURE,0,PASS,169,WARNING,169244,PASS,12309460,WARNING
G18761277,PASS,FALSE,PASS,0,PASS,66,PASS,311848,PASS,6815070,PASS
G18761433,PASS,FALSE,PASS,0,PASS,83,PASS,226911,PASS,7021666,PASS
G18761486,PASS,FALSE,PASS,0,PASS,69,PASS,283048,PASS,6915795,PASS
G18761499,PASS,FALSE,PASS,0,PASS,116,PASS,159022,PASS,7389994,PASS
G18761503,PASS,FALSE,PASS,0,PASS,70,PASS,323945,PASS,7264143,PASS
G18761504,PASS,FALSE,PASS,0,PASS,128,PASS,196958,PASS,6844488,PASS
G18761546,PASS,FALSE,PASS,0,PASS,69,PASS,233209,PASS,6837901,PASS
G18761568,PASS,FALSE,PASS,0,PASS,45,PASS,310554,PASS,6575826,PASS
G18761646,PASS,FALSE,PASS,0,PASS,57,PASS,323841,PASS,6657268,PASS
G18761647,PASS,FALSE,PASS,0,PASS,33,PASS,804560,PASS,6507904,PASS
G18761648,PASS,FALSE,PASS,0,PASS,43,PASS,449670,PASS,6777837,PASS
G18761649,PASS,FALSE,PASS,0,PASS,66,PASS,275167,PASS,6877386,PASS
G18761650,PASS,FALSE,PASS,0,PASS,41,PASS,479527,PASS,6705223,PASS
G18761651,PASS,FALSE,PASS,0,PASS,76,PASS,263570,PASS,7005573,PASS
G18761652,PASS,FALSE,PASS,0,PASS,65,PASS,267653,PASS,7264131,PASS
G18761653,PASS,FALSE,PASS,0,PASS,65,PASS,308957,PASS,7002373,PASS
G18761654,PASS,FALSE,PASS,0,PASS,68,PASS,240256,PASS,7090111,PASS
G18761688,PASS,FALSE,PASS,0,PASS,103,PASS,199589,PASS,7577847,PASS
G18761689,PASS,FALSE,PASS,0,PASS,48,PASS,395438,PASS,6274537,PASS
G18761690,PASS,FALSE,PASS,0,PASS,37,PASS,406767,PASS,6490685,PASS
G18761694,PASS,FALSE,PASS,0,PASS,100,PASS,189496,PASS,7050940,PASS
G18761695,PASS,FALSE,PASS,0,PASS,71,PASS,226912,PASS,6685410,PASS
G18761780,PASS,FALSE,PASS,0,PASS,53,PASS,276023,PASS,6999091,PASS
G18761781,PASS,FALSE,PASS,0,PASS,41,PASS,373672,PASS,6607213,PASS
G18761782,FAILURE,TRUE,FAILURE,19.54,FAILURE,139,PASS,175845,PASS,10138790,WARNING
G18761783,PASS,FALSE,PASS,0,PASS,75,PASS,295130,PASS,7038518,PASS
G18761784,PASS,FALSE,PASS,0,PASS,48,PASS,365350,PASS,6513520,PASS
G18761785,PASS,FALSE,PASS,0,PASS,71,PASS,263613,PASS,7008800,PASS
G18761815,PASS,FALSE,PASS,0,PASS,62,PASS,332682,PASS,7019972,PASS
G18761816,PASS,FALSE,PASS,0,PASS,29,PASS,513098,PASS,6338618,PASS
G18761817,FAILURE,TRUE,FAILURE,5.18,FAILURE,45,PASS,407373,PASS,6722006,PASS
G18761842,PASS,FALSE,PASS,0,PASS,48,PASS,300059,PASS,6546819,PASS
G18761843,PASS,FALSE,PASS,0,PASS,65,PASS,286946,PASS,6999268,PASS
G18761872,PASS,FALSE,PASS,0,PASS,63,PASS,279393,PASS,6691047,PASS
G18761873,PASS,FALSE,PASS,0,PASS,59,PASS,381834,PASS,7108184,PASS
G18761874,PASS,FALSE,PASS,0,PASS,70,PASS,306358,PASS,6879235,PASS
G18761906,PASS,FALSE,PASS,0,PASS,74,PASS,296932,PASS,7032157,PASS
G18761907,PASS,FALSE,PASS,0,PASS,63,PASS,289984,PASS,6881673,PASS
G18761908,PASS,FALSE,PASS,0,PASS,63,PASS,261648,PASS,7118370,PASS
G18761939,PASS,FALSE,PASS,0,PASS,105,PASS,245784,PASS,6915641,PASS
G18761940,PASS,FALSE,PASS,0,PASS,31,PASS,432739,PASS,6460749,PASS
G18761971,PASS,FALSE,PASS,0,PASS,58,PASS,601570,PASS,6825888,PASS
G18761981,FAILURE,TRUE,FAILURE,14.67,FAILURE,136,PASS,194265,PASS,10683289,WARNING
G18762003,PASS,FALSE,PASS,0,PASS,40,PASS,542094,PASS,6960984,PASS
G18762004,PASS,FALSE,PASS,0,PASS,94,PASS,197742,PASS,7071544,PASS
G18762021,PASS,FALSE,PASS,0,PASS,105,PASS,205930,PASS,7575772,PASS
G18762022,PASS,FALSE,PASS,0,PASS,31,PASS,395660,PASS,6339334,PASS
G18762023,PASS,FALSE,PASS,0,PASS,41,PASS,421500,PASS,6912644,PASS
G18762024,PASS,FALSE,PASS,0,PASS,58,PASS,397742,PASS,6971468,PASS
G18762025,PASS,FALSE,PASS,0,PASS,53,PASS,416731,PASS,7147861,PASS
G18762026,PASS,FALSE,PASS,0,PASS,69,PASS,268239,PASS,6859995,PASS
G18762056,PASS,FALSE,PASS,0,PASS,54,PASS,443937,PASS,6830537,PASS
G18762103,PASS,FALSE,PASS,0,PASS,71,PASS,268410,PASS,6797434,PASS
G18762104,PASS,FALSE,PASS,0,PASS,58,PASS,286393,PASS,6792701,PASS
G18762117,PASS,FALSE,PASS,0,PASS,67,PASS,269461,PASS,6803506,PASS
G18762118,PASS,FALSE,PASS,0,PASS,60,PASS,324133,PASS,6788249,PASS
G18762149,PASS,FALSE,PASS,0,PASS,59,PASS,306026,PASS,6935858,PASS
G18762197,PASS,FALSE,PASS,0,PASS,68,PASS,269493,PASS,6800721,PASS
G18762223,PASS,FALSE,PASS,0,PASS,71,PASS,255944,PASS,6800302,PASS
G18762244,PASS,FALSE,PASS,0,PASS,65,PASS,268609,PASS,6783631,PASS
G18762265,PASS,FALSE,PASS,0,PASS,71,PASS,251685,PASS,6775398,PASS
G18762278,PASS,FALSE,PASS,0,PASS,75,PASS,285392,PASS,6949628,PASS
G18762279,PASS,FALSE,PASS,0,PASS,64,PASS,323109,PASS,7158600,PASS
G18762297,PASS,FALSE,PASS,0,PASS,44,PASS,251621,PASS,6373974,PASS
G18762323,FAILURE,TRUE,FAILURE,0,PASS,967,FAILURE,168991,PASS,9392724,WARNING
G18762324,PASS,FALSE,PASS,0,PASS,48,PASS,389502,PASS,6776871,PASS
G18762325,PASS,FALSE,PASS,0,PASS,68,PASS,246638,PASS,7156883,PASS
G18762337,PASS,FALSE,PASS,0,PASS,115,PASS,160533,PASS,7114928,PASS
G18762473,PASS,FALSE,PASS,0,PASS,66,PASS,234586,PASS,6687246,PASS
G18762667,PASS,FALSE,PASS,0,PASS,64,PASS,210029,PASS,7088641,PASS
G18762735,PASS,FALSE,PASS,0,PASS,42,PASS,395362,PASS,6577855,PASS
G18762736,PASS,FALSE,PASS,0,PASS,34,PASS,402628,PASS,6626695,PASS
G18762737,PASS,FALSE,PASS,0,PASS,52,PASS,359848,PASS,6893929,PASS
G18762738,PASS,FALSE,PASS,0,PASS,54,PASS,350413,PASS,6891947,PASS
G18762767,PASS,FALSE,PASS,0,PASS,32,PASS,381527,PASS,6518482,PASS
G18762793,PASS,FALSE,PASS,0,PASS,60,PASS,394618,PASS,6718740,PASS
G18762967,PASS,FALSE,PASS,0,PASS,35,PASS,381527,PASS,6515320,PASS
G18762983,PASS,FALSE,PASS,0,PASS,86,PASS,234461,PASS,7017113,PASS
G18763001,PASS,FALSE,PASS,0,PASS,99,PASS,239786,PASS,7286264,PASS
G18763043,PASS,FALSE,PASS,0,PASS,40,PASS,466676,PASS,6426546,PASS
G18763153,PASS,FALSE,PASS,0,PASS,52,PASS,322277,PASS,6938257,PASS
G18763155,PASS,FALSE,PASS,0,PASS,27,PASS,450217,PASS,6216667,PASS
G18763170,PASS,FALSE,PASS,0,PASS,57,PASS,274905,PASS,6940900,PASS
G18763187,PASS,FALSE,PASS,0,PASS,39,PASS,425818,PASS,6508633,PASS
G18763188,WARNING,FALSE,PASS,0,PASS,99,PASS,241743,PASS,9881059,WARNING
G18763358,PASS,FALSE,PASS,0,PASS,61,PASS,395288,PASS,6890332,PASS
G18763397,PASS,FALSE,PASS,0,PASS,72,PASS,209394,PASS,6843184,PASS
G18763418,PASS,FALSE,PASS,0,PASS,66,PASS,254065,PASS,6842360,PASS
G18763419,PASS,FALSE,PASS,0,PASS,21,PASS,705625,PASS,6039230,PASS
G18763432,PASS,FALSE,PASS,0,PASS,55,PASS,429037,PASS,6892436,PASS
G18763481,PASS,FALSE,PASS,0,PASS,43,PASS,701771,PASS,6840277,PASS
G18763506,PASS,FALSE,PASS,0,PASS,36,PASS,604507,PASS,6839704,PASS
G18763543,PASS,FALSE,PASS,0,PASS,36,PASS,381077,PASS,6512262,PASS
G18763692,PASS,FALSE,PASS,0,PASS,40,PASS,476379,PASS,6845773,PASS
G18763693,PASS,FALSE,PASS,0,PASS,28,PASS,454894,PASS,6473978,PASS
G18763694,PASS,FALSE,PASS,0,PASS,92,PASS,189496,PASS,7072480,PASS
G18763695,PASS,FALSE,PASS,0,PASS,53,PASS,272229,PASS,6693816,PASS
G18763697,PASS,FALSE,PASS,0,PASS,88,PASS,196332,PASS,7049256,PASS
G18763879,PASS,FALSE,PASS,0,PASS,32,PASS,510994,PASS,6559360,PASS
G18763941,PASS,FALSE,PASS,0,PASS,66,PASS,227092,PASS,6915494,PASS
G18764000,PASS,FALSE,PASS,0,PASS,31,PASS,419919,PASS,6511919,PASS
G18764002,PASS,FALSE,PASS,0,PASS,104,PASS,261152,PASS,7078395,PASS
G18764003,PASS,FALSE,PASS,0,PASS,78,PASS,295223,PASS,7035400,PASS
G18764004,PASS,FALSE,PASS,0,PASS,37,PASS,342692,PASS,6509819,PASS
G18764134,PASS,FALSE,PASS,0,PASS,50,PASS,398997,PASS,6668486,PASS
G18764174,PASS,FALSE,PASS,0,PASS,75,PASS,226611,PASS,6778213,PASS
G18002471,PASS,FALSE,PASS,0,PASS,26,PASS,427414,PASS,6505307,PASS
G18002472,FAILURE,TRUE,FAILURE,6.68,FAILURE,61,PASS,339953,PASS,7293072,PASS
G18002473,PASS,FALSE,PASS,0,PASS,45,PASS,353366,PASS,7092400,PASS
G18002474,PASS,FALSE,PASS,0,PASS,89,PASS,208322,PASS,7115713,PASS
G18002475,PASS,FALSE,PASS,0,PASS,45,PASS,291602,PASS,7096562,PASS
G18002476,PASS,FALSE,PASS,0,PASS,41,PASS,464279,PASS,6930315,PASS
G18002477,PASS,FALSE,PASS,0,PASS,59,PASS,335176,PASS,7277987,PASS
G18002478,FAILURE,TRUE,FAILURE,5.42,FAILURE,28,PASS,704421,PASS,6291245,PASS
G18002479,PASS,FALSE,PASS,0,PASS,60,PASS,240334,PASS,6907606,PASS
G18002480,PASS,FALSE,PASS,0,PASS,80,PASS,225669,PASS,7210082,PASS
G18002481,PASS,FALSE,PASS,0,PASS,23,PASS,770244,PASS,6333711,PASS
G18002482,PASS,FALSE,PASS,0,PASS,43,PASS,389573,PASS,6950176,PASS
G18002483,PASS,FALSE,PASS,0,PASS,50,PASS,405661,PASS,6949100,PASS
G18002484,PASS,FALSE,PASS,0,PASS,51,PASS,322353,PASS,7105849,PASS
G18002485,PASS,FALSE,PASS,0,PASS,68,PASS,340333,PASS,7159388,PASS
G18002486,PASS,FALSE,PASS,0,PASS,59,PASS,299998,PASS,6857026,PASS
G18002487,PASS,FALSE,PASS,0,PASS,38,PASS,441101,PASS,7098836,PASS
G18002488,PASS,FALSE,PASS,0,PASS,59,PASS,394855,PASS,6816466,PASS
G18002489,FAILURE,TRUE,FAILURE,6.52,FAILURE,634,FAILURE,343557,PASS,7616583,PASS
G18002490,PASS,FALSE,PASS,0,PASS,62,PASS,238389,PASS,7107815,PASS
G18002491,PASS,FALSE,PASS,0,PASS,73,PASS,314268,PASS,7024861,PASS
G18002492,PASS,FALSE,PASS,0,PASS,47,PASS,264280,PASS,6871887,PASS
G18002493,PASS,FALSE,PASS,0,PASS,76,PASS,307973,PASS,7335768,PASS
G18002494,PASS,FALSE,PASS,0,PASS,73,PASS,317772,PASS,7131964,PASS
G18002495,PASS,FALSE,PASS,0,PASS,39,PASS,308352,PASS,7109129,PASS
G18002496,PASS,FALSE,PASS,0,PASS,58,PASS,236242,PASS,6958795,PASS
G18002497,PASS,FALSE,PASS,0,PASS,51,PASS,317890,PASS,7463730,PASS
G18002498,PASS,FALSE,PASS,0,PASS,36,PASS,435158,PASS,6630740,PASS
G18002499,PASS,FALSE,PASS,0,PASS,35,PASS,644298,PASS,6843010,PASS
G18002500,PASS,FALSE,PASS,0,PASS,72,PASS,328681,PASS,6883881,PASS
G18002501,PASS,FALSE,PASS,0,PASS,30,PASS,775892,PASS,6726552,PASS
G18002502,PASS,FALSE,PASS,0,PASS,57,PASS,292295,PASS,7150593,PASS
G18002503,PASS,FALSE,PASS,0,PASS,23,PASS,801178,PASS,6454781,PASS
G18002504,PASS,FALSE,PASS,0,PASS,40,PASS,604557,PASS,6889613,PASS
G18002505,PASS,FALSE,PASS,0,PASS,38,PASS,456234,PASS,6711414,PASS
G18002506,PASS,FALSE,PASS,0,PASS,52,PASS,535248,PASS,7366755,PASS
G18002507,PASS,FALSE,PASS,0,PASS,59,PASS,351608,PASS,7153313,PASS
G18002508,PASS,FALSE,PASS,0,PASS,43,PASS,506803,PASS,7139102,PASS
G18002509,PASS,FALSE,PASS,0,PASS,58,PASS,307847,PASS,7150576,PASS
G18002510,PASS,FALSE,PASS,0,PASS,67,PASS,375430,PASS,7165218,PASS
G18002511,PASS,FALSE,PASS,0,PASS,61,PASS,364501,PASS,7391316,PASS
G18002512,PASS,FALSE,PASS,0,PASS,62,PASS,277365,PASS,7083154,PASS
G18002513,PASS,FALSE,PASS,0,PASS,38,PASS,770576,PASS,6759038,PASS
G18002514,PASS,FALSE,PASS,0,PASS,36,PASS,452208,PASS,6782912,PASS
G18002515,PASS,FALSE,PASS,0,PASS,83,PASS,226649,PASS,6984941,PASS
G18002516,PASS,FALSE,PASS,0,PASS,45,PASS,425725,PASS,6905416,PASS
G20000001,PASS,FALSE,PASS,0,PASS,61,PASS,289409,PASS,7363239,PASS
G20000002,PASS,FALSE,PASS,0,PASS,58,PASS,426075,PASS,6823592,PASS
G20000003,PASS,FALSE,PASS,0,PASS,60,PASS,374190,PASS,7350862,PASS
G20000004,PASS,FALSE,PASS,0,PASS,58,PASS,339959,PASS,7220804,PASS
G20000005,PASS,FALSE,PASS,0,PASS,40,PASS,558013,PASS,7092697,PASS
G20000006,PASS,FALSE,PASS,0,PASS,82,PASS,205334,PASS,6922982,PASS
G20000008,PASS,FALSE,PASS,0,PASS,54,PASS,301186,PASS,7116403,PASS
G20000009,PASS,FALSE,PASS,0,PASS,46,PASS,302367,PASS,7018717,PASS
G20000010,PASS,FALSE,PASS,0,PASS,28,PASS,769598,PASS,6507124,PASS
G20000012,PASS,FALSE,PASS,0,PASS,46,PASS,312634,PASS,6997966,PASS
G20000013,PASS,FALSE,PASS,0,PASS,50,PASS,414439,PASS,6733983,PASS
G20000014,PASS,FALSE,PASS,0,PASS,39,PASS,440769,PASS,7005779,PASS
G20000015,PASS,FALSE,PASS,0,PASS,53,PASS,398242,PASS,7113923,PASS
G20000016,PASS,FALSE,PASS,0,PASS,51,PASS,318938,PASS,7150319,PASS
G20000017,PASS,FALSE,PASS,0,PASS,40,PASS,662072,PASS,6743569,PASS
G20000018,PASS,FALSE,PASS,0,PASS,27,PASS,514981,PASS,6631541,PASS
G20000020,PASS,FALSE,PASS,0,PASS,26,PASS,680193,PASS,6335894,PASS
G20000021,PASS,FALSE,PASS,0,PASS,38,PASS,403939,PASS,7076065,PASS
G20000022,PASS,FALSE,PASS,0,PASS,49,PASS,339902,PASS,7077763,PASS
G20000023,PASS,FALSE,PASS,0,PASS,61,PASS,347537,PASS,7354082,PASS
G20000024,PASS,FALSE,PASS,0,PASS,39,PASS,493568,PASS,6814175,PASS
G20000025,PASS,FALSE,PASS,0,PASS,35,PASS,491029,PASS,6837807,PASS
G20000026,PASS,FALSE,PASS,0,PASS,40,PASS,392266,PASS,7062878,PASS
G20000027,PASS,FALSE,PASS,0,PASS,57,PASS,395604,PASS,6918754,PASS
G20000028,PASS,FALSE,PASS,0,PASS,49,PASS,451672,PASS,7321388,PASS
G20000029,PASS,FALSE,PASS,0,PASS,58,PASS,332008,PASS,6912533,PASS
G20000030,PASS,FALSE,PASS,0,PASS,40,PASS,435714,PASS,6845837,PASS
G20000031,PASS,FALSE,PASS,0,PASS,65,PASS,235586,PASS,7078059,PASS
G20000032,PASS,FALSE,PASS,0,PASS,26,PASS,463226,PASS,6511012,PASS
G20000033,PASS,FALSE,PASS,0,PASS,68,PASS,298934,PASS,7012314,PASS
G20000038,PASS,FALSE,PASS,0,PASS,53,PASS,368583,PASS,6991305,PASS
G20000039,PASS,FALSE,PASS,0,PASS,29,PASS,456431,PASS,6288312,PASS
G20000040,PASS,FALSE,PASS,0,PASS,71,PASS,316300,PASS,7173259,PASS
G20000041,PASS,FALSE,PASS,0,PASS,42,PASS,805319,PASS,6872462,PASS
G20000042,PASS,FALSE,PASS,0,PASS,66,PASS,247344,PASS,6813435,PASS
G20000043,PASS,FALSE,PASS,0,PASS,28,PASS,481412,PASS,6387038,PASS
G20000044,PASS,FALSE,PASS,0,PASS,49,PASS,414742,PASS,6739013,PASS
G20000045,FAILURE,TRUE,FAILURE,31.01,FAILURE,1339,FAILURE,301428,PASS,11277452,WARNING
G20000046,PASS,FALSE,PASS,0,PASS,32,PASS,417531,PASS,7005311,PASS
G20000047,PASS,FALSE,PASS,0,PASS,35,PASS,493510,PASS,6411335,PASS
G20000048,PASS,FALSE,PASS,0,PASS,52,PASS,402903,PASS,6732764,PASS
G20000049,PASS,FALSE,PASS,0,PASS,35,PASS,628178,PASS,7010151,PASS
G20000050,PASS,FALSE,PASS,0,PASS,52,PASS,328245,PASS,7193078,PASS
G20000051,PASS,FALSE,PASS,0,PASS,64,PASS,349019,PASS,6856892,PASS
G20000052,PASS,FALSE,PASS,0,PASS,53,PASS,362589,PASS,7183827,PASS
G20000053,PASS,FALSE,PASS,0,PASS,58,PASS,208322,PASS,6893359,PASS
G20000054,PASS,FALSE,PASS,0,PASS,50,PASS,280623,PASS,7061788,PASS
G20000055,PASS,FALSE,PASS,0,PASS,52,PASS,496161,PASS,7117919,PASS
G20000056,PASS,FALSE,PASS,0,PASS,63,PASS,403612,PASS,6946396,PASS
G20000063,PASS,FALSE,PASS,0,PASS,92,PASS,257607,PASS,7607803,PASS
G20000064,PASS,FALSE,PASS,0,PASS,35,PASS,781419,PASS,6695847,PASS
G20000065,PASS,FALSE,PASS,0,PASS,39,PASS,426653,PASS,6788674,PASS
G20000066,PASS,FALSE,PASS,0,PASS,48,PASS,350317,PASS,7224963,PASS
G20000067,PASS,FALSE,PASS,0,PASS,53,PASS,407564,PASS,6623392,PASS
G20000420,FAILURE,TRUE,FAILURE,17.69,FAILURE,67,PASS,366069,PASS,11783503,WARNING
G20000422,FAILURE,TRUE,FAILURE,13.69,FAILURE,758,FAILURE,234305,PASS,13031764,WARNING
G20000426,FAILURE,TRUE,FAILURE,13.07,FAILURE,84,PASS,409871,PASS,11467990,WARNING
G20000428,PASS,FALSE,PASS,0,PASS,15,PASS,778313,PASS,6253823,PASS
G20000434,PASS,FALSE,PASS,0,PASS,27,PASS,510412,PASS,6307237,PASS
G20000435,PASS,FALSE,PASS,0,PASS,34,PASS,572865,PASS,7001859,PASS
G20000437,PASS,FALSE,PASS,0,PASS,43,PASS,421110,PASS,6739220,PASS
G20000438,PASS,FALSE,PASS,0,PASS,32,PASS,407290,PASS,6311604,PASS
G20000440,PASS,FALSE,PASS,0,PASS,19,PASS,676362,PASS,6373345,PASS
G20000441,PASS,FALSE,PASS,0,PASS,35,PASS,353172,PASS,6654619,PASS
G20000443,PASS,FALSE,PASS,0,PASS,41,PASS,593716,PASS,6773100,PASS
G20000445,PASS,FALSE,PASS,0,PASS,37,PASS,393019,PASS,6540357,PASS
G20000446,PASS,FALSE,PASS,0,PASS,27,PASS,519706,PASS,6318325,PASS
G20000447,PASS,FALSE,PASS,0,PASS,34,PASS,448113,PASS,6747623,PASS
G20000448,PASS,FALSE,PASS,0,PASS,15,PASS,992827,PASS,6361098,PASS
G20000449,PASS,FALSE,PASS,0,PASS,68,PASS,292086,PASS,7241769,PASS
G20000450,FAILURE,TRUE,FAILURE,17.8,FAILURE,113,PASS,240422,PASS,11790001,WARNING
G20000451,PASS,FALSE,PASS,0,PASS,16,PASS,932340,PASS,6294305,PASS
G20000452,FAILURE,TRUE,FAILURE,8.71,FAILURE,1243,FAILURE,187131,PASS,8220413,PASS
G20000453,FAILURE,TRUE,FAILURE,20.01,FAILURE,110,PASS,260562,PASS,11646751,WARNING
G20000454,PASS,FALSE,PASS,0,PASS,18,PASS,807572,PASS,6311035,PASS
G20000464,FAILURE,TRUE,FAILURE,19.96,FAILURE,123,PASS,296360,PASS,11129046,WARNING
G20000465,FAILURE,TRUE,FAILURE,33.14,FAILURE,189,WARNING,272998,PASS,11816086,WARNING
G20000466,PASS,FALSE,PASS,0,PASS,23,PASS,521698,PASS,6326541,PASS
G20000476,PASS,FALSE,PASS,0,PASS,16,PASS,816186,PASS,6274126,PASS
G20000479,PASS,FALSE,PASS,0,PASS,30,PASS,513661,PASS,6258760,PASS
G20000480,PASS,FALSE,PASS,0,PASS,33,PASS,503052,PASS,6660554,PASS
G20000481,FAILURE,TRUE,FAILURE,26.72,FAILURE,212,WARNING,176872,PASS,12627228,WARNING
G20000482,FAILURE,TRUE,FAILURE,35.3,FAILURE,292,WARNING,170507,PASS,12352700,WARNING
G20000483,FAILURE,TRUE,FAILURE,25.6,FAILURE,167,WARNING,186356,PASS,12622809,WARNING
G20000484,PASS,FALSE,PASS,0,PASS,56,PASS,259680,PASS,7210850,PASS
G20000505,PASS,FALSE,PASS,0,PASS,22,PASS,780422,PASS,6316631,PASS
G20000506,PASS,FALSE,PASS,0,PASS,35,PASS,413168,PASS,6418203,PASS
G20000507,PASS,FALSE,PASS,0,PASS,59,PASS,345494,PASS,7023002,PASS
G20000508,PASS,FALSE,PASS,0,PASS,13,PASS,933326,PASS,6278411,PASS
G20000509,PASS,FALSE,PASS,0,PASS,28,PASS,518176,PASS,6635233,PASS
G20000510,FAILURE,TRUE,FAILURE,5.12,FAILURE,308,FAILURE,277378,PASS,7290861,PASS
G20000511,PASS,FALSE,PASS,0,PASS,24,PASS,438492,PASS,6380486,PASS
G20000512,PASS,FALSE,PASS,0,PASS,30,PASS,574179,PASS,6537074,PASS
G20000535,PASS,FALSE,PASS,0,PASS,53,PASS,367307,PASS,6996206,PASS
G20000536,PASS,FALSE,PASS,0,PASS,39,PASS,466552,PASS,6857483,PASS
G20000537,FAILURE,TRUE,FAILURE,7.76,FAILURE,1036,FAILURE,154985,PASS,8785772,WARNING
G20000538,PASS,FALSE,PASS,0,PASS,60,PASS,324552,PASS,6830228,PASS
G20000539,PASS,FALSE,PASS,0,PASS,34,PASS,395118,PASS,6245053,PASS
G20000540,PASS,FALSE,PASS,0,PASS,51,PASS,301588,PASS,6839163,PASS
G20000541,PASS,FALSE,PASS,0,PASS,25,PASS,621649,PASS,6647412,PASS
G20000542,PASS,FALSE,PASS,0,PASS,38,PASS,480421,PASS,7008938,PASS
G20000543,PASS,FALSE,PASS,0,PASS,26,PASS,776551,PASS,6533944,PASS
G20000546,PASS,FALSE,PASS,0,PASS,32,PASS,754158,PASS,6497163,PASS
G20000547,PASS,FALSE,PASS,0,PASS,29,PASS,884574,PASS,6424073,PASS
G20000548,PASS,FALSE,PASS,0,PASS,23,PASS,813789,PASS,6353012,PASS
G20000549,PASS,FALSE,PASS,0,PASS,33,PASS,485825,PASS,6299050,PASS
G20000550,PASS,FALSE,PASS,0,PASS,27,PASS,561835,PASS,6303356,PASS
G20000561,PASS,FALSE,PASS,0,PASS,29,PASS,469477,PASS,6336960,PASS
G20000563,PASS,FALSE,PASS,0,PASS,25,PASS,486684,PASS,6339929,PASS
G20000564,PASS,FALSE,PASS,0,PASS,28,PASS,511849,PASS,6378181,PASS
G20000569,PASS,FALSE,PASS,0,PASS,121,PASS,139672,PASS,7288883,PASS
G20000570,PASS,FALSE,PASS,0,PASS,21,PASS,777800,PASS,6290791,PASS
G20000571,PASS,FALSE,PASS,0,PASS,42,PASS,315165,PASS,6414632,PASS
G20000572,PASS,FALSE,PASS,0,PASS,62,PASS,333243,PASS,7297480,PASS
G20000573,PASS,FALSE,PASS,0,PASS,63,PASS,303665,PASS,7068649,PASS
G20000574,FAILURE,TRUE,FAILURE,7.36,FAILURE,670,FAILURE,340977,PASS,11073312,WARNING
G20000575,PASS,FALSE,PASS,0,PASS,66,PASS,242474,PASS,7248864,PASS
G20000587,PASS,FALSE,PASS,0,PASS,54,PASS,293991,PASS,7163856,PASS
G20000588,WARNING,TRUE,FAILURE,0,PASS,81,PASS,234232,PASS,7267374,PASS
G20000589,PASS,FALSE,PASS,0,PASS,35,PASS,307604,PASS,6351001,PASS
G20000590,PASS,FALSE,PASS,0,PASS,32,PASS,407499,PASS,6429230,PASS
G20000591,FAILURE,TRUE,FAILURE,12.96,FAILURE,243,WARNING,168021,PASS,10807730,WARNING
G20000592,PASS,FALSE,PASS,0,PASS,43,PASS,310269,PASS,6946443,PASS
G20000604,PASS,FALSE,PASS,0,PASS,50,PASS,285487,PASS,6955044,PASS
G20000605,PASS,FALSE,PASS,0,PASS,36,PASS,408322,PASS,6427315,PASS
G20000612,PASS,FALSE,PASS,0,PASS,19,PASS,778136,PASS,6451253,PASS
G20000613,PASS,FALSE,PASS,0,PASS,24,PASS,770002,PASS,6382592,PASS
G20000622,PASS,FALSE,PASS,0,PASS,39,PASS,389177,PASS,6720742,PASS
G20000623,PASS,FALSE,PASS,0,PASS,23,PASS,524022,PASS,6312667,PASS
G20000624,PASS,FALSE,PASS,0,PASS,26,PASS,662144,PASS,6619605,PASS
G20000625,PASS,FALSE,PASS,0,PASS,27,PASS,422463,PASS,6383204,PASS
G20000626,PASS,FALSE,PASS,0,PASS,66,PASS,215973,PASS,6808460,PASS
G20000627,PASS,FALSE,PASS,0,PASS,34,PASS,438893,PASS,6655019,PASS
G20000628,PASS,FALSE,PASS,0,PASS,28,PASS,468353,PASS,6415632,PASS
G20000629,PASS,FALSE,PASS,0,PASS,33,PASS,481900,PASS,6847813,PASS
G20000630,PASS,FALSE,PASS,0,PASS,17,PASS,773505,PASS,6346018,PASS
G20000631,PASS,FALSE,PASS,0,PASS,59,PASS,296208,PASS,7052095,PASS
G20000632,PASS,FALSE,PASS,0,PASS,50,PASS,428829,PASS,6803065,PASS
G20000633,PASS,FALSE,PASS,0,PASS,63,PASS,340095,PASS,7449555,PASS
G20000634,FAILURE,TRUE,FAILURE,8.11,FAILURE,548,FAILURE,224389,PASS,7948067,PASS
G20000635,PASS,FALSE,PASS,0,PASS,33,PASS,661577,PASS,6780326,PASS
G20000636,PASS,FALSE,PASS,0,PASS,45,PASS,737609,PASS,6963479,PASS
G20000654,PASS,FALSE,PASS,0,PASS,55,PASS,357527,PASS,6726346,PASS
G20000655,PASS,FALSE,PASS,0,PASS,59,PASS,309219,PASS,7309038,PASS
G20000656,PASS,FALSE,PASS,0,PASS,70,PASS,309975,PASS,7507668,PASS
G20000657,PASS,FALSE,PASS,0,PASS,53,PASS,343557,PASS,6730983,PASS
G20000659,PASS,FALSE,PASS,0,PASS,70,PASS,232819,PASS,6827129,PASS
G20000660,PASS,FALSE,PASS,0,PASS,94,PASS,205969,PASS,7398535,PASS
G20000661,PASS,FALSE,PASS,0,PASS,47,PASS,219022,PASS,6438262,PASS
G20000662,PASS,FALSE,PASS,0,PASS,43,PASS,317771,PASS,7016943,PASS
G20000664,PASS,FALSE,PASS,0,PASS,23,PASS,785409,PASS,6490418,PASS
G20000665,PASS,FALSE,PASS,0,PASS,29,PASS,516625,PASS,6390217,PASS
G20000666,PASS,FALSE,PASS,0,PASS,31,PASS,661814,PASS,6425585,PASS
G20000667,PASS,FALSE,PASS,0,PASS,26,PASS,663055,PASS,6557536,PASS
G20000668,PASS,FALSE,PASS,0,PASS,25,PASS,447476,PASS,6522353,PASS
G20000669,PASS,FALSE,PASS,0,PASS,63,PASS,366171,PASS,7014065,PASS
G20000670,PASS,FALSE,PASS,0,PASS,42,PASS,396863,PASS,6451371,PASS
G20000671,PASS,FALSE,PASS,0,PASS,47,PASS,393830,PASS,6730439,PASS
G20000672,PASS,FALSE,PASS,0,PASS,33,PASS,431268,PASS,6554711,PASS
G20000673,PASS,FALSE,PASS,0,PASS,62,PASS,317620,PASS,7048475,PASS
G20000674,PASS,FALSE,PASS,0,PASS,39,PASS,416734,PASS,6996281,PASS
G20000675,PASS,FALSE,PASS,0,PASS,54,PASS,279225,PASS,6600415,PASS
G20000680,PASS,FALSE,PASS,0,PASS,13,PASS,1129372,PASS,6324277,PASS
G20000681,FAILURE,TRUE,FAILURE,29.95,FAILURE,303,FAILURE,129494,PASS,12673087,WARNING
G20000682,PASS,FALSE,PASS,0,PASS,20,PASS,696062,PASS,6518750,PASS
G20000683,WARNING,FALSE,PASS,0,PASS,176,WARNING,476319,PASS,6824730,PASS
G20000684,PASS,FALSE,PASS,0,PASS,19,PASS,571838,PASS,6748164,PASS
G20000685,PASS,FALSE,PASS,0,PASS,54,PASS,327064,PASS,7045375,PASS
G20000686,FAILURE,TRUE,FAILURE,19.81,FAILURE,249,WARNING,169206,PASS,13523259,WARNING
G20000687,PASS,FALSE,PASS,0,PASS,24,PASS,486684,PASS,6339723,PASS
G20000688,PASS,FALSE,PASS,0,PASS,26,PASS,525965,PASS,6587640,PASS
G20000689,PASS,FALSE,PASS,0,PASS,54,PASS,310338,PASS,7603302,PASS
G20000694,PASS,FALSE,PASS,0,PASS,33,PASS,562553,PASS,6742106,PASS
G20000695,FAILURE,TRUE,FAILURE,23.25,FAILURE,1548,FAILURE,393323,PASS,10820712,WARNING
G20000696,PASS,FALSE,PASS,0,PASS,22,PASS,542419,PASS,6515031,PASS
G20000697,PASS,FALSE,PASS,0,PASS,59,PASS,351608,PASS,7158400,PASS
G20000698,PASS,FALSE,PASS,0,PASS,36,PASS,579259,PASS,6889218,PASS
